date,0,1
2015-03-26,0.9999999986577421,1.3422590298178845e-09
2015-03-27,0.9999469607328693,5.303926713058481e-05
2015-03-30,0.9999901742622995,9.825737700827779e-06
2015-03-31,0.9999999994647162,5.352824005681176e-10
2015-04-01,0.9999999999201883,7.981341765868697e-11
2015-04-02,0.9999999999979998,1.999050762519191e-12
2015-04-03,0.9999999966968609,3.3031383294100515e-09
2015-04-06,0.9999989888603085,1.0111396920046199e-06
2015-04-07,0.9999994934306717,5.065693290340939e-07
2015-04-08,1.0,9.748679747991424e-17
2015-04-09,1.0,7.865223689143604e-22
2015-04-10,1.0,2.103319166606164e-17
2015-04-13,1.0,1.3514577787970106e-25
2015-04-14,1.0,4.209127629565106e-16
2015-04-15,0.999999999999531,4.68047866552293e-13
2015-04-16,0.9999999924125476,7.587452433334737e-09
2015-04-17,0.9999999999945111,5.4874102735387294e-12
2015-04-20,1.0,7.618258231509567e-30
2015-04-21,1.0,3.9553862166372374e-17
2015-04-22,1.0,1.9717621338318294e-20
2015-04-23,1.0,8.252454981334842e-24
2015-04-24,1.0,1.0351066514542714e-20
2015-04-27,0.9999999999999005,9.990002574679471e-14
2015-04-28,0.9999986636605815,1.3363394177195422e-06
2015-04-29,0.9999999312298146,6.877018456285994e-08
2015-04-30,0.999964510559487,3.548944051129714e-05
2015-05-01,0.9999999999999183,8.158397789071888e-14
2015-05-04,0.9999997033212096,2.9667879017847274e-07
2015-05-05,0.9999999419694329,5.803056782163715e-08
2015-05-06,0.9999999999471818,5.28177939030223e-11
2015-05-07,0.9999999999995133,4.859088702415585e-13
2015-05-08,0.9999972870039033,2.7129960978693e-06
2015-05-11,0.9999999962616535,3.738344827029375e-09
2015-05-12,0.9999999999990692,9.317995225154942e-13
2015-05-13,1.0,1.5158414118870946e-16
2015-05-14,0.999999999999936,6.275100904932456e-14
2015-05-15,0.999999962649867,3.7350132851251545e-08
2015-05-18,0.9999999998166373,1.833629498053653e-10
2015-05-19,1.0,5.714761542083318e-18
2015-05-20,1.0,7.594380654395427e-20
2015-05-21,0.9999999233390995,7.666090030850816e-08
2015-05-22,1.0,4.7809733644756957e-17
2015-05-25,0.9999999999951541,4.847496188634144e-12
2015-05-26,1.0,2.2527023455176815e-20
2015-05-27,1.0,3.2906501523793516e-23
2015-05-28,1.0,1.3128336744882008e-20
2015-05-29,1.0,1.9728822263401359e-16
2015-06-01,1.0,3.9291644872397275e-20
2015-06-02,1.0,1.0954193972955893e-17
2015-06-03,1.0,4.225371203759676e-22
2015-06-04,0.9999999999999112,9.011001152087418e-14
2015-06-05,1.0,4.940061285357267e-33
2015-06-08,1.0,1.014350544751843e-24
2015-06-09,1.0,5.360425673327105e-21
2015-06-10,1.0,1.7136901576560426e-20
2015-06-11,1.0,5.990068416394716e-20
2015-06-12,1.0,7.230558654961957e-18
2015-06-15,0.9999999999140741,8.592703284308249e-11
2015-06-16,1.0,3.2117901671369566e-17
2015-06-17,0.9999999972386462,2.7613540090871546e-09
2015-06-18,0.9999999999994991,4.992242096360203e-13
2015-06-19,1.0,2.338513409082845e-18
2015-06-22,0.9999999999999858,1.3781887545254861e-14
2015-06-23,0.9999999890937765,1.0906225076439068e-08
2015-06-24,0.9999999999996376,3.619520737823466e-13
2015-06-25,1.0,1.6665091081970196e-15
2015-06-26,1.0,5.140627276035656e-21
2015-06-29,1.0,2.5867878662250876e-19
2015-06-30,0.9999999998927365,1.0726340945398489e-10
2015-07-01,1.0,4.528234399265697e-23
2015-07-02,1.0,9.939994845197812e-17
2015-07-03,0.9999999999881766,1.1822274864788833e-11
2015-07-06,1.0,3.809047399208673e-18
2015-07-07,0.9999999999593427,4.0655961704890754e-11
2015-07-08,0.9999994973263837,5.026736175570037e-07
2015-07-09,1.0,1.1794455851626172e-17
2015-07-10,0.9999999999580886,4.1910407921603037e-11
2015-07-13,0.999999994197033,5.802968043129499e-09
2015-07-14,0.9999995552435971,4.447564040704591e-07
2015-07-15,1.0,1.43204066507022e-18
2015-07-16,0.9999999997693756,2.306226537581737e-10
2015-07-17,0.999999999984869,1.5131201368470136e-11
2015-07-20,1.0,4.594067996843551e-16
2015-07-21,1.0,1.3970379504574408e-15
2015-07-22,0.999999980513355,1.9486646500602273e-08
2015-07-23,0.9999999996492512,3.507502970384455e-10
2015-07-24,0.9999999999382219,6.177821674070982e-11
2015-07-27,0.9999999999999147,8.358903444617039e-14
2015-07-28,1.0,2.7882503007597955e-24
2015-07-29,0.9999999999998792,1.191928625795185e-13
2015-07-30,0.9999999970327416,2.9672587692984463e-09
2015-07-31,0.9999999999930971,6.901318988245297e-12
2015-08-03,0.9999998950444839,1.049555170662905e-07
2015-08-04,1.0,2.1913506583176054e-16
2015-08-05,0.999999999370587,6.294136924205964e-10
2015-08-06,1.0,5.478601981998612e-20
2015-08-07,1.0,3.187055373030757e-16
2015-08-10,1.0,2.380830381078993e-17
2015-08-11,0.9999999958429449,4.157054052061006e-09
2015-08-12,0.9999999999999787,1.9719399706852312e-14
2015-08-13,0.9999979279520348,2.072047965925548e-06
2015-08-14,0.9999999317553782,6.824462148824386e-08
2015-08-17,1.0,4.351516979648373e-20
2015-08-18,1.0,1.1749780633447284e-18
2015-08-19,1.0,1.0304949804150212e-19
2015-08-20,1.0,1.280967963724547e-18
2015-08-21,1.0,2.6403170834267132e-17
2015-08-24,0.9999999999998543,1.4601513726261564e-13
2015-08-25,0.9999999997688072,2.311917715400132e-10
2015-08-26,0.9999999999996092,3.9020317388689607e-13
2015-08-27,0.9999999999893774,1.06230448970115e-11
2015-08-28,0.9999969686762612,3.031323739809437e-06
2015-08-31,0.9999999999563691,4.362951583773247e-11
2015-09-01,1.0,1.3974588643553675e-21
2015-09-02,1.0,6.231209088301841e-17
2015-09-03,0.9999999999188418,8.115702885939725e-11
2015-09-04,0.9999999999954028,4.597174578376415e-12
2015-09-07,0.999999998371802,1.628197446058238e-09
2015-09-08,0.9999999999923226,7.678205599369827e-12
2015-09-09,1.0,4.398949368765472e-18
2015-09-10,0.9999999999997833,2.155889914030783e-13
2015-09-11,1.0,7.899760035495504e-23
2015-09-14,0.9999999999999964,3.5594705837746514e-15
2015-09-15,0.9999999999746834,2.531835551006171e-11
2015-09-16,0.9999999999820872,1.79135806750692e-11
2015-09-17,1.0,2.1855538828910936e-19
2015-09-18,0.9999994936242697,5.063757290243947e-07
2015-09-21,0.9999996606350025,3.393649965190055e-07
2015-09-22,0.9999999999973355,2.66476889351654e-12
2015-09-23,0.9999999999999929,6.9924664653361254e-15
2015-09-24,0.9999999999999609,3.9756611265205624e-14
2015-09-25,1.0,4.5197406206548635e-21
2015-09-28,0.9999999999999893,9.651562903120514e-15
2015-09-29,0.999999997005748,2.994251969217448e-09
2015-09-30,0.999999999980691,1.9307946681062934e-11
2015-10-01,0.9999998761199015,1.238800984490592e-07
2015-10-02,0.9999999999989342,1.0659954858272957e-12
2015-10-05,1.0,5.2973610757239906e-21
2015-10-06,1.0,1.0910274146078102e-17
2015-10-07,0.9999999999999538,4.6626718143895616e-14
2015-10-08,0.9999999999983125,1.6876159935509352e-12
2015-10-09,0.9999999803524988,1.9647500637645024e-08
2015-10-12,0.9999985448011942,1.4551988059589472e-06
2015-10-13,0.9976016078432436,0.0023983921567579444
2015-10-14,0.9999998844711047,1.1552889551670192e-07
2015-10-15,1.0,1.1118046076873546e-17
2015-10-16,0.999999883158949,1.168410496217291e-07
2015-10-19,1.0,6.958621449564925e-16
2015-10-20,0.9999999985296526,1.4703484257742693e-09
2015-10-21,1.0,2.2088101550887168e-32
2015-10-22,0.999999999994575,5.424757606235629e-12
2015-10-23,0.99999999995973,4.026981186871345e-11
2015-10-26,0.9999999999993996,5.993706086039934e-13
2015-10-27,0.9999999999890115,1.0986818160934668e-11
2015-10-28,1.0,1.0280897685281107e-15
2015-10-29,0.9999999994990247,5.009749848133517e-10
2015-10-30,1.0,4.750791298252897e-25
2015-11-02,0.9999999999999822,1.7095425087223613e-14
2015-11-03,1.0,7.653066059490873e-19
2015-11-04,0.9999999978194154,2.1805836546449168e-09
2015-11-05,0.999999999907768,9.223142691865638e-11
2015-11-06,0.9999999832040666,1.6795933888318057e-08
2015-11-09,0.999999999889944,1.1005436607573063e-10
2015-11-10,0.9999999999928697,7.130966201644563e-12
2015-11-11,0.9999999999810463,1.895266368968793e-11
2015-11-12,0.9999999998687947,1.3120415572434487e-10
2015-11-13,1.0,1.7177254035479803e-25
2015-11-16,1.0,1.400116155587926e-26
2015-11-17,1.0,5.451379462442688e-20
2015-11-18,1.0,5.2737341851745945e-18
2015-11-19,1.0,1.869170679578012e-25
2015-11-20,1.0,1.7594024694793975e-20
2015-11-23,0.9999999999957225,4.276325616751994e-12
2015-11-24,1.0,2.2797596212269833e-21
2015-11-25,1.0,3.855898244533235e-29
2015-11-26,1.0,1.3593260668593473e-20
2015-11-27,0.9999999999999858,1.3368738318502525e-14
2015-11-30,1.0,4.8140702606637117e-23
2015-12-01,0.9999999999592077,4.0791145088432617e-11
2015-12-02,1.0,7.533736760453859e-19
2015-12-03,1.0,2.8451141400997034e-19
2015-12-04,1.0,7.053448166502497e-21
2015-12-07,1.0,3.6503797298418635e-29
2015-12-08,1.0,4.982208102141998e-28
2015-12-09,1.0,2.300599041301289e-28
2015-12-10,1.0,7.947385928985023e-28
2015-12-11,0.9999999999999964,2.093925799973203e-15
2015-12-14,1.0,2.4105315131074116e-18
2015-12-15,0.9999999999999964,2.5623942374187093e-15
2015-12-16,1.0,5.121112904499415e-17
2015-12-17,0.9999999999999716,2.8883121138395844e-14
2015-12-18,0.9999999999997051,2.9456318844624805e-13
2015-12-21,0.9999999999631939,3.6804363713869984e-11
2015-12-22,0.9999999999853841,1.461447097878138e-11
2015-12-23,0.9999999989662918,1.0337066570108928e-09
2015-12-24,0.9999999828743037,1.7125696216096577e-08
2015-12-25,0.9999999999999964,1.910734467189304e-15
2015-12-28,0.9999999999999964,2.0542273467382482e-15
2015-12-29,0.9999999999999822,1.6485111691424953e-14
2015-12-30,0.9999999999999432,5.568513446596576e-14
2015-12-31,0.9999999970473077,2.952691735927136e-09
2016-01-01,0.9999999999996199,3.8114065948239096e-13
2016-01-04,1.0,6.306682196347077e-16
2016-01-05,1.0,8.355938788713432e-19
2016-01-06,0.9999999999888161,1.118374641194057e-11
2016-01-07,0.9999999998557492,1.442526051915153e-10
2016-01-08,0.9999999999999893,1.0419093045837784e-14
2016-01-11,0.9999999999729745,2.7026985251837842e-11
2016-01-12,0.9999991758957221,8.241042793590526e-07
2016-01-13,0.999996421455113,3.5785448868805997e-06
2016-01-14,0.9999667227001906,3.3277299808988576e-05
2016-01-15,0.9999999999996909,3.0821345169080526e-13
2016-01-18,1.0,2.08330052081538e-26
2016-01-19,1.0,1.797842070978951e-21
2016-01-20,1.0,4.226549517625519e-18
2016-01-21,1.0,8.811872045720678e-37
2016-01-22,1.0,2.792204593451439e-25
2016-01-25,1.0,6.595756059531012e-20
2016-01-26,1.0,1.0995270210443843e-21
2016-01-27,1.0,4.118097291881029e-19
2016-01-28,1.0,3.5687255894169006e-18
2016-01-29,1.0,8.54614830904703e-18
2016-02-01,0.9999999999999929,7.478974444984566e-15
2016-02-02,0.9999999999999787,1.9654474579915137e-14
2016-02-03,1.0,2.967550607620534e-16
2016-02-04,0.9999999999993534,6.479550708921068e-13
2016-02-05,0.9999999999127134,8.728641645412747e-11
2016-02-08,1.0,7.961860460883059e-23
2016-02-09,1.0,6.586800155841737e-16
2016-02-10,0.9999999972090663,2.790933475617496e-09
2016-02-11,0.9999999999999716,2.8406119036999426e-14
2016-02-12,1.0,1.1295710509674846e-16
2016-02-15,0.9999999966507254,3.3492755794029865e-09
2016-02-16,0.9999999999999822,1.7742185922497148e-14
2016-02-17,0.9999999999489226,5.107675733046422e-11
2016-02-18,0.999999999900659,9.934066980340704e-11
2016-02-19,6.481793342478251e-85,1.0
2016-02-22,8.784053698507374e-52,1.0
2016-02-23,4.86061834166982e-49,1.0
2016-02-24,7.683735123750553e-45,1.0
2016-02-25,1.3399989995654052e-45,1.0
2016-02-26,3.913236866836886e-51,1.0
2016-02-29,1.130033771942541e-45,1.0
2016-03-01,1.8429651539457173e-53,1.0
2016-03-02,1.4528092490050632e-49,1.0
2016-03-03,1.7868273060769832e-52,1.0
2016-03-04,1.580173468800714e-45,1.0
2016-03-07,1.2005363297441304e-47,1.0
2016-03-08,1.615094694143506e-44,1.0
2016-03-09,4.664939134309167e-58,1.0
2016-03-10,4.506330067106957e-51,1.0
2016-03-11,1.3271318711356084e-43,1.0
2016-03-14,1.284640829185764e-60,1.0
2016-03-15,1.1733752776595132e-52,1.0
2016-03-16,9.982128668281808e-59,1.0
2016-03-17,6.360897676945721e-57,1.0
2016-03-18,2.181343921774535e-51,1.0
2016-03-21,4.1445109835361124e-57,1.0
2016-03-22,7.343930308742635e-51,1.0
2016-03-23,8.900622757084358e-45,1.0
2016-03-24,1.257122994333376e-57,1.0
2016-03-25,1.5008325861145042e-57,1.0
2016-03-28,4.328995075432485e-48,1.0
2016-03-29,8.133049134598588e-52,1.0
2016-03-30,1.9174744252401957e-45,1.0
2016-03-31,4.232530207855177e-55,1.0
2016-04-01,5.832855854975763e-49,1.0
2016-04-04,1.7931533372171132e-44,1.0
2016-04-05,3.9231223089441815e-58,1.0
2016-04-06,7.699231229098483e-48,1.0
2016-04-07,1.3315096962914102e-48,1.0
2016-04-08,7.781412752313052e-46,1.0
2016-04-11,1.9380480771334384e-58,1.0
2016-04-12,2.004700275213112e-52,1.0
2016-04-13,1.748546754278439e-57,1.0
2016-04-14,4.2497878359827796e-48,1.0
2016-04-15,9.365642298421793e-62,1.0
2016-04-18,2.130534256755155e-58,1.0
2016-04-19,5.0728474832918175e-49,1.0
2016-04-20,1.0909696649878952e-55,1.0
2016-04-21,3.5872500743693026e-50,1.0
2016-04-22,1.3605638913603e-55,1.0
2016-04-25,6.244423251755727e-50,1.0
2016-04-26,6.898701352656055e-58,1.0
2016-04-27,1.176120779080295e-52,1.0
2016-04-28,2.3303277765029558e-51,1.0
2016-04-29,1.3281659768325656e-54,1.0
2016-05-02,1.4443615383275378e-56,1.0
2016-05-03,1.9073487579747672e-58,1.0
2016-05-04,2.1516122675815576e-50,1.0
2016-05-05,4.023755543738206e-59,1.0
2016-05-06,2.524572742781349e-56,1.0
2016-05-09,1.1966268840910531e-55,1.0
2016-05-10,1.1824977534601842e-53,1.0
2016-05-11,9.302639653704273e-50,1.0
2016-05-12,4.8983538360711576e-54,1.0
2016-05-13,1.4666507329491853e-47,1.0
2016-05-16,6.414391069242956e-50,1.0
2016-05-17,1.2432167338096742e-47,1.0
2016-05-18,3.6189362513585243e-50,1.0
2016-05-19,5.239775216713777e-60,1.0
2016-05-20,9.176758865368295e-49,1.0
2016-05-23,1.0797480224303706e-47,1.0
2016-05-24,2.710723148673657e-51,1.0
2016-05-25,1.0310795683568734e-57,1.0
2016-05-26,7.760749632313518e-57,1.0
2016-05-27,1.1186770492465423e-50,1.0
2016-05-30,3.0909675011675516e-53,1.0
2016-05-31,6.089163585677223e-49,1.0
2016-06-01,5.765327739171253e-55,1.0
2016-06-02,2.1079684672716254e-52,1.0
2016-06-03,3.0415890719909437e-58,1.0
2016-06-06,4.350277156769319e-58,1.0
2016-06-07,1.419693504537554e-59,1.0
2016-06-08,1.5788197791040878e-50,1.0
2016-06-09,7.908390877360225e-52,1.0
2016-06-10,3.1669404487561346e-46,1.0
2016-06-13,6.6199569412969946e-49,1.0
2016-06-14,1.7418819174833127e-48,1.0
2016-06-15,4.931899674919449e-53,1.0
2016-06-16,1.9223889977976488e-48,1.0
2016-06-17,2.1801784980054103e-45,1.0
2016-06-20,4.3067231405076835e-49,1.0
2016-06-21,4.5638158915048355e-61,1.0
2016-06-22,2.1849865193019914e-177,1.0
2016-06-23,0.00015953019950389687,0.9998404698004955
2016-06-24,0.37388202340082693,0.6261179765991741
2016-06-27,0.8601360887077705,0.13986391129223144
2016-06-28,0.9999976454038384,2.354596160701191e-06
2016-06-29,0.00900498733371036,0.9909950126662866
2016-06-30,0.9999999992460573,7.539453849829843e-10
2016-07-01,0.9999977109246154,2.289075386520992e-06
2016-07-04,1.0,1.2843972039153713e-15
2016-07-05,0.9999999999286331,7.136433080893096e-11
2016-07-06,0.999995623236721,4.376763276475548e-06
2016-07-07,0.999999999022883,9.771200734554322e-10
2016-07-08,0.9999993602476479,6.397523506699609e-07
2016-07-11,0.9999999727734096,2.7226589645261746e-08
2016-07-12,0.9999999983783212,1.6216784832859677e-09
2016-07-13,0.9999999988497486,1.1502513592720907e-09
2016-07-14,1.0,1.535587685840963e-23
2016-07-15,0.9999999999999751,2.5917012779257148e-14
2016-07-18,1.0,2.226937452869234e-16
2016-07-19,1.7367556762623498e-74,1.0
2016-07-20,2.7015457524292374e-43,1.0
2016-07-21,3.3167742552177206e-51,1.0
2016-07-22,2.7398097048385267e-47,1.0
2016-07-25,9.47313484780926e-118,1.0
2016-07-26,0.999976481869142,2.3518130856344082e-05
2016-07-27,0.9999996069483386,3.930516619561716e-07
2016-07-28,1.0,7.39937200003345e-18
2016-07-29,0.999999999991612,8.389681719395828e-12
2016-08-01,1.0,3.116843401233179e-20
2016-08-02,1.0,1.5824657206679553e-20
2016-08-03,0.9999999999999467,5.244712901957476e-14
2016-08-04,0.9999993220132122,6.77986788184857e-07
2016-08-05,0.9999999999999964,4.736326738886637e-15
2016-08-08,0.999999764847071,2.3515292799923083e-07
2016-08-09,0.9999999994815632,5.184378006800538e-10
2016-08-10,0.9999999941326365,5.867364567252929e-09
2016-08-11,0.9999999999513598,4.8639275561224786e-11
2016-08-12,0.9999999904831078,9.516893017078064e-09
2016-08-15,1.0,8.517935282902944e-23
2016-08-16,1.0,4.319815526721613e-17
2016-08-17,1.0,2.2338558126282104e-22
2016-08-18,1.0,3.9682861658440574e-19
2016-08-19,1.0,8.577267263204015e-30
2016-08-22,0.9999999999999751,2.4323532997775323e-14
2016-08-23,0.9999999999999822,1.6322577849048616e-14
2016-08-24,1.0,1.9755532930268467e-19
2016-08-25,0.9999999999981917,1.8087041341176477e-12
2016-08-26,0.9999999998805151,1.1948358031358082e-10
2016-08-29,0.9999999957156014,4.2843973627986924e-09
2016-08-30,0.9999999999999893,1.1764696552041536e-14
2016-08-31,1.0,6.468752658587035e-23
2016-09-01,1.0,2.561875993852436e-16
2016-09-02,0.9999999999999964,4.501471609627776e-15
2016-09-05,1.0,3.2168059521128112e-19
2016-09-06,1.0,1.4637708940309449e-15
2016-09-07,0.9999999925779264,7.422072242813281e-09
2016-09-08,0.9999999998063736,1.936270346878789e-10
2016-09-09,0.9999999999462474,5.375123463352735e-11
2016-09-12,0.9999999961637656,3.8362353699858625e-09
2016-09-13,0.9999999999645262,3.5474154346354115e-11
2016-09-14,1.0,1.4009608089082052e-17
2016-09-15,0.9999999999848441,1.5156646554272663e-11
2016-09-16,0.9999999990343689,9.656310792124977e-10
2016-09-19,0.9999999999910365,8.964238266102054e-12
2016-09-20,0.9999999999999964,2.4546421824116673e-15
2016-09-21,0.9999999988140758,1.1859240762312714e-09
2016-09-22,0.9999991394132736,8.605867253290917e-07
2016-09-23,1.0,2.948437519321532e-17
2016-09-26,0.9999999999840483,1.5951524176643054e-11
2016-09-27,1.5285754113341974e-36,1.0
2016-09-28,7.774360722619325e-23,1.0
2016-09-29,8.64069776981523e-21,1.0
2016-09-30,1.0521545898777299e-19,1.0
2016-10-03,4.106038972214601e-22,1.0
2016-10-04,9.725029074153759e-27,1.0
2016-10-05,1.0725149830714907e-15,1.0
2016-10-06,9.518798264721644e-20,1.0
2016-10-07,3.6688632428579453e-19,1.0
2016-10-10,4.658361195092377e-19,1.0
2016-10-11,2.7253715122265325e-20,1.0
2016-10-12,1.712574174288455e-21,1.0
2016-10-13,1.587363407481201e-17,1.0
2016-10-14,7.483013611499566e-17,1.0
2016-10-17,1.2034000439506453e-23,1.0
2016-10-18,3.294261768058501e-21,1.0
2016-10-19,2.3958785873058718e-27,1.0
2016-10-20,1.817510977683115e-20,1.0
2016-10-21,7.16702208627347e-26,1.0
2016-10-24,1.256216438990642e-18,1.0
2016-10-25,1.0181898427104665e-14,0.9999999999999893
2016-10-26,1.4892780759204284e-18,1.0
2016-10-27,1.1636578777129029e-23,1.0
2016-10-28,4.0604761319332427e-22,1.0
2016-10-31,2.899828700961927e-23,1.0
2016-11-01,1.754579598172332e-17,1.0
2016-11-02,2.5424177922528226e-22,1.0
2016-11-03,6.096136560997231e-24,1.0
2016-11-04,7.370359481983945e-21,1.0
2016-11-07,7.042717042303332e-23,1.0
2016-11-08,5.255525540511299e-26,1.0
2016-11-09,6.859926726213683e-17,1.0
2016-11-10,1.3480731977888807e-28,1.0
2016-11-11,7.938713844427711e-20,1.0
2016-11-14,6.570933218058552e-17,1.0
2016-11-15,2.775762238691562e-24,1.0
2016-11-16,6.495627139234237e-20,1.0
2016-11-17,1.7346121895771849e-18,1.0
2016-11-18,2.5899170943688627e-22,1.0
2016-11-21,4.1252647861198984e-23,1.0
2016-11-22,3.1027717940177255e-30,1.0
2016-11-23,1.7095137425341192e-29,1.0
2016-11-24,1.1232649062381797e-21,1.0
2016-11-25,1.639750923263984e-29,1.0
2016-11-28,8.765782832891363e-27,1.0
2016-11-29,3.3203660741228324e-23,1.0
2016-11-30,1.089091275405726e-27,1.0
2016-12-01,2.0747847206319585e-18,1.0
2016-12-02,1.4905144272831035e-19,1.0
2016-12-05,1.50336975435587e-17,1.0
2016-12-06,1.047628807796219e-28,1.0
2016-12-07,1.1241390586150459e-23,1.0
2016-12-08,4.634380121140937e-18,1.0
2016-12-09,1.96747113526421e-26,1.0
2016-12-12,4.5997874165779503e-20,1.0
2016-12-13,3.064865358346926e-23,1.0
2016-12-14,4.559952610721059e-25,1.0
2016-12-15,1.6328206337206345e-25,1.0
2016-12-16,2.473534554356582e-22,1.0
2016-12-19,3.4871179521517986e-29,1.0
2016-12-20,6.973577448424546e-20,1.0
2016-12-21,4.4441895149682035e-22,1.0
2016-12-22,2.410644160570968e-28,1.0
2016-12-23,1.0056288874132834e-21,1.0
2016-12-26,4.543335794502083e-25,1.0
2016-12-27,6.885430653641385e-26,1.0
2016-12-28,2.49115377866023e-19,1.0
2016-12-29,9.359570213504365e-23,1.0
2016-12-30,5.506210996777252e-23,1.0
2017-01-02,3.1221428835494315e-20,1.0
2017-01-03,2.699402045257872e-24,1.0
2017-01-04,1.9205124876757905e-25,1.0
2017-01-05,1.6462536076146174e-28,1.0
2017-01-06,1.5069621509419712e-29,1.0
2017-01-09,1.2578076496078423e-25,1.0
2017-01-10,6.142556629875914e-25,1.0
2017-01-11,2.6136181181575567e-22,1.0
2017-01-12,6.500255495570382e-24,1.0
2017-01-13,5.424420982714607e-23,1.0
2017-01-16,1.0297595022081816e-18,1.0
2017-01-17,2.66673955743375e-18,1.0
2017-01-18,1.9600868690501809e-25,1.0
2017-01-19,2.8243105783936064e-21,1.0
2017-01-20,4.0356354976945655e-24,1.0
2017-01-23,0.9999697404213412,3.0259578658958142e-05
2017-01-24,0.9999721047802054,2.789521979325813e-05
2017-01-25,1.1084060566578914e-43,1.0
2017-01-26,2.9223360857830348e-24,1.0
2017-01-27,2.6751715559208593e-22,1.0
2017-01-30,2.3095092668715457e-23,1.0
2017-01-31,3.0428928339214236e-20,1.0
2017-02-01,1.0239140716680722e-25,1.0
2017-02-02,1.5558587964272617e-25,1.0
2017-02-03,1.7031294535677663e-21,1.0
2017-02-06,1.29077909435646e-19,1.0
2017-02-07,1.3697426996045837e-22,1.0
2017-02-08,1.0674950280997518e-29,1.0
2017-02-09,7.963810737939187e-30,1.0
2017-02-10,6.640992986771092e-29,1.0
2017-02-13,1.0047118415331613e-26,1.0
2017-02-14,4.1161478066416445e-25,1.0
2017-02-15,1.8164004863024328e-19,1.0
2017-02-16,5.935422422660285e-22,1.0
2017-02-17,2.8018511827931917e-25,1.0
2017-02-20,6.989933748868808e-22,1.0
2017-02-21,9.902275400088321e-23,1.0
2017-02-22,4.22958790914335e-20,1.0
2017-02-23,5.16123088378874e-19,1.0
2017-02-24,3.4012054022249676e-26,1.0
2017-02-27,3.977955906384811e-21,1.0
2017-02-28,7.754892821148352e-29,1.0
2017-03-01,6.945594880915986e-28,1.0
2017-03-02,9.605088426422732e-20,1.0
2017-03-03,6.2616539602317624e-27,1.0
2017-03-06,2.6440348785197528e-21,1.0
2017-03-07,1.746935335831511e-19,1.0
2017-03-08,3.1729023403267545e-21,1.0
2017-03-09,3.493783405425503e-24,1.0
2017-03-10,5.020923655069454e-22,1.0
2017-03-13,3.7835883818516375e-25,1.0
2017-03-14,3.853273127602831e-21,1.0
2017-03-15,4.566865143710296e-24,1.0
2017-03-16,1.0822191477423327e-17,1.0
2017-03-17,2.5616834365850872e-17,1.0
2017-03-20,8.921806504233283e-26,1.0
2017-03-21,3.16938539446104e-25,1.0
2017-03-22,4.159239990736164e-27,1.0
2017-03-23,1.8328728782114367e-26,1.0
2017-03-24,2.8134955719877406e-25,1.0
2017-03-27,1.3182196180472517e-21,1.0
2017-03-28,7.711443383800408e-26,1.0
2017-03-29,7.081592003509477e-23,1.0
2017-03-30,5.664576763861278e-22,1.0
2017-03-31,8.489905554088996e-20,1.0
2017-04-03,5.761228273258393e-26,1.0
2017-04-04,8.206273837739687e-28,1.0
2017-04-05,5.5257559402126145e-21,1.0
2017-04-06,2.1985902995709677e-25,1.0
2017-04-07,6.878832980543551e-24,1.0
2017-04-10,1.447770116990721e-24,1.0
2017-04-11,6.811860166560758e-59,1.0
2017-04-12,1.9839911928773807e-55,1.0
2017-04-13,5.976532734617801e-57,1.0
2017-04-14,7.391035972194734e-51,1.0
2017-04-17,3.4991356860733434e-50,1.0
2017-04-18,8.292981242786924e-46,1.0
2017-04-19,1.142363881427875e-46,1.0
2017-04-20,1.6953917150715924e-43,1.0
2017-04-21,9.162255994503158e-43,1.0
2017-04-24,5.709420965722101e-46,1.0
2017-04-25,3.550573450962068e-59,1.0
2017-04-26,3.1278914951757236e-52,1.0
2017-04-27,2.792197158936858e-48,1.0
2017-04-28,1.9368108659059418e-48,1.0
2017-05-01,1.960936968386826e-56,1.0
2017-05-02,6.427074677556661e-50,1.0
2017-05-03,5.174759471364426e-53,1.0
2017-05-04,8.7378033590845e-53,1.0
2017-05-05,6.981093545181586e-46,1.0
2017-05-08,2.5824688094709333e-52,1.0
2017-05-09,3.405926338158209e-50,1.0
2017-05-10,2.9444133143079605e-49,1.0
2017-05-11,2.1077984584879817e-49,1.0
2017-05-12,2.442342568228219e-56,1.0
2017-05-15,3.977732189104965e-50,1.0
2017-05-16,2.32153930236933e-54,1.0
2017-05-17,2.448340612924806e-49,1.0
2017-05-18,1.1252031454318095e-58,1.0
2017-05-19,1.511820810309855e-47,1.0
2017-05-22,2.0826223084944297e-47,1.0
2017-05-23,2.407009263772774e-53,1.0
2017-05-24,5.890620672154802e-55,1.0
2017-05-25,9.755163234451077e-54,1.0
2017-05-26,6.5228876769512824e-49,1.0
2017-05-29,8.78233660641584e-50,1.0
2017-05-30,6.050640439068687e-49,1.0
2017-05-31,4.375412872098177e-46,1.0
2017-06-01,1.4517103737123742e-53,1.0
2017-06-02,7.48573640254375e-50,1.0
2017-06-05,6.207489767034222e-54,1.0
2017-06-06,1.4930261086808207e-50,1.0
2017-06-07,6.21006052389093e-53,1.0
2017-06-08,1.2542423836635179e-48,1.0
2017-06-09,8.603477570402363e-64,1.0
2017-06-12,8.405298280505533e-58,1.0
2017-06-13,9.28417901761635e-56,1.0
2017-06-14,5.792986724430846e-48,1.0
2017-06-15,3.4959427678360143e-53,1.0
2017-06-16,2.7408229729150763e-55,1.0
2017-06-19,9.39752175751442e-55,1.0
2017-06-20,3.264771869181912e-54,1.0
2017-06-21,2.3539854696956595e-48,1.0
2017-06-22,8.982886850513698e-46,1.0
2017-06-23,3.098251156070713e-47,1.0
2017-06-26,2.0004788073114788e-47,1.0
2017-06-27,6.600559114538134e-59,1.0
2017-06-28,2.1888312437941126e-56,1.0
2017-06-29,1.798089677604565e-51,1.0
2017-06-30,3.2082860487160493e-50,1.0
2017-07-03,2.018352978671166e-58,1.0
2017-07-04,1.4505294871547153e-50,1.0
2017-07-05,2.187945841225447e-59,1.0
2017-07-06,3.9872566178048464e-57,1.0
2017-07-07,3.2874752667462247e-56,1.0
2017-07-10,6.152542750355182e-48,1.0
2017-07-11,1.119874857266353e-48,1.0
2017-07-12,3.7737190849461916e-52,1.0
2017-07-13,2.2246827687583544e-42,1.0
2017-07-14,4.324653181937565e-22,1.0
2017-07-17,9.375672388463419e-29,1.0
2017-07-18,3.743619762046658e-21,1.0
2017-07-19,2.7539077299224166e-28,1.0
2017-07-20,1.1487807666861778e-39,1.0
2017-07-21,0.9949805241124805,0.005019475887518424
2017-07-24,0.9045195491363999,0.09548045086360019
2017-07-25,0.9999999990206518,9.793485718245867e-10
2017-07-26,0.9999988586146932,1.141385307528662e-06
2017-07-27,0.999966889835724,3.3110164274351e-05
2017-07-28,0.9996630594673319,0.0003369405326679821
2017-07-31,1.0,7.062993370449032e-27
2017-08-01,1.0,6.757688678217796e-20
2017-08-02,1.0,1.5609038817656887e-15
2017-08-03,1.0,4.237309955378191e-19
2017-08-04,1.0,4.2044672344568517e-23
2017-08-07,1.0,2.680876978873381e-26
2017-08-08,0.9999999999999929,6.407212923237787e-15
2017-08-09,1.0,2.292593573692609e-26
2017-08-10,1.0,8.56342627603022e-27
2017-08-11,0.9999999999990976,9.041100784042912e-13
2017-08-14,0.9999999997692264,2.3077300680844594e-10
2017-08-15,0.9999999994613873,5.386134274775605e-10
2017-08-16,0.9999999998055351,1.9446593540139194e-10
2017-08-17,0.9999999999985292,1.4713318360290322e-12
2017-08-18,0.9999999070836453,9.291635305896464e-08
2017-08-21,0.9999999999897149,1.028399837342766e-11
2017-08-22,1.0,1.0088314090793721e-19
2017-08-23,0.9999999999987885,1.2105967501010197e-12
2017-08-24,1.0,1.5692675878642562e-22
2017-08-25,0.9999999999999893,9.844853077064567e-15
2017-08-28,0.9999999999999964,3.375250114119015e-15
2017-08-29,1.0,3.336242110122925e-33
2017-08-30,1.0,4.666706757414898e-31
2017-08-31,1.0,6.143714770327556e-21
2017-09-01,1.0,1.8886215249417092e-19
2017-09-04,1.0,7.888031702821307e-29
2017-09-05,1.0,7.485042262540647e-17
2017-09-06,1.0,1.50396867928868e-16
2017-09-07,0.9999999994411937,5.588060486443589e-10
2017-09-08,1.0,1.0192122077453687e-15
2017-09-11,1.0,4.697135349251107e-19
2017-09-12,0.9999999955670766,4.432924556623286e-09
2017-09-13,1.0,1.0434589468296626e-18
2017-09-14,0.9999999998656612,1.3433886320739302e-10
2017-09-15,0.9999999998519833,1.4801604398157896e-10
2017-09-18,1.0,8.410663233457658e-16
2017-09-19,0.9999999999999964,5.113383733538199e-15
2017-09-20,1.0,3.1090040946671435e-17
2017-09-21,1.0,7.949166017627036e-18
2017-09-22,0.9999999999999858,1.3231517891666226e-14
2017-09-25,1.0,9.540709089364015e-17
2017-09-26,0.9999999999982947,1.7064556002369435e-12
2017-09-27,0.9999999539503516,4.6049649242761955e-08
2017-09-28,0.9999999999999609,4.0146788680472006e-14
2017-09-29,1.0,5.925767421740318e-19
2017-10-02,1.0,1.0885701566885993e-18
2017-10-03,0.9999999970771825,2.922817859711226e-09
2017-10-04,0.9999999993653645,6.346353634510729e-10
2017-10-05,0.9999999998871338,1.1286484314644966e-10
2017-10-06,0.9999999999992113,7.888474307487791e-13
2017-10-09,1.0,5.477467532263617e-16
2017-10-10,1.0,2.2843421239550214e-16
2017-10-11,0.9999999999909157,9.083349155411933e-12
2017-10-12,1.0,9.237770254254533e-16
2017-10-13,1.0,5.633659520395656e-19
2017-10-16,0.9999999999847766,1.522210432423953e-11
2017-10-17,0.9999999999984155,1.5850318071098357e-12
2017-10-18,1.0,2.969858314963396e-22
2017-10-19,0.9999999999645226,3.5477007953738724e-11
2017-10-20,0.9999999530432657,4.695673492662676e-08
2017-10-23,0.9999999999999787,1.986692221310443e-14
2017-10-24,1.0,2.203988014967939e-16
2017-10-25,1.0,3.352644522688007e-19
2017-10-26,1.0,1.7416687800608926e-22
2017-10-27,1.0,2.499966915273927e-16
2017-10-30,1.0,1.117247647592235e-16
2017-10-31,0.9999999999971436,2.857750611794674e-12
2017-11-01,1.0,1.228057762803571e-15
2017-11-02,0.9999999999998934,1.0721992748568567e-13
2017-11-03,1.0,3.2481169980243543e-18
2017-11-06,1.0,4.497876777327047e-22
2017-11-07,1.0,2.0842590722642467e-19
2017-11-08,1.0,2.4796758230525463e-31
2017-11-09,1.0,1.836636696843919e-24
2017-11-10,1.0,5.840757499095917e-23
2017-11-13,1.0,1.989551967893019e-18
2017-11-14,1.0,1.2010799382700892e-17
2017-11-15,0.9999999975449683,2.4550303356294587e-09
2017-11-16,0.9999999998708198,1.2918173665386695e-10
2017-11-17,1.0,3.1298351753819257e-18
2017-11-20,0.999999999999936,6.46859605543392e-14
2017-11-21,1.0,2.787367728624971e-16
2017-11-22,0.9999999998589431,1.4105611316921422e-10
2017-11-23,0.9999999999996056,3.952388428312989e-13
2017-11-24,1.0,1.9277010011358335e-24
2017-11-27,1.0,3.0083166711217463e-20
2017-11-28,1.0,5.782505829391216e-18
2017-11-29,0.9999999999999964,4.509122134717389e-15
2017-11-30,1.0,2.247517382377261e-17
2017-12-01,0.9999999938614756,6.138525124365394e-09
2017-12-04,0.9999990559559515,9.440440495337914e-07
2017-12-05,0.9999999873947908,1.2605208697638922e-08
2017-12-06,0.9999999999906244,9.377243593135462e-12
2017-12-07,0.9999999892153113,1.0784688318191633e-08
2017-12-08,0.9999999999964864,3.512295157918734e-12
2017-12-11,0.9999999999999858,1.3178152778757568e-14
2017-12-12,0.9999999999986784,1.322499373182286e-12
2017-12-13,1.0,2.2125285886861517e-41
2017-12-14,1.0,1.7137639052427495e-27
2017-12-15,0.9999999999316422,6.835691744809976e-11
2017-12-18,1.0,8.146823805406652e-26
2017-12-19,1.0,7.545678302841222e-18
2017-12-20,1.0,2.6848158139258257e-17
2017-12-21,1.0,3.492345712998253e-19
2017-12-22,1.7093357057659086e-68,1.0
2017-12-25,1.0325933690743758e-33,1.0
2017-12-26,1.3561695764711027e-36,1.0
2017-12-27,3.1728481182395967e-45,1.0
2017-12-28,4.496081384654902e-51,1.0
2017-12-29,3.192874694739641e-45,1.0
2018-01-01,1.0419048160409034e-39,1.0
2018-01-02,9.865000501025159e-48,1.0
2018-01-03,1.4594439627191704e-40,1.0
2018-01-04,4.3546397012293306e-42,1.0
2018-01-05,6.414260569431821e-40,1.0
2018-01-08,3.233353515647878e-48,1.0
2018-01-09,2.6771730762953386e-44,1.0
2018-01-10,2.7563999298545753e-49,1.0
2018-01-11,4.0935936095650965e-48,1.0
2018-01-12,2.3151462052518924e-51,1.0
2018-01-15,3.94301746094231e-52,1.0
2018-01-16,2.134366186081128e-51,1.0
2018-01-17,6.422482082558739e-47,1.0
2018-01-18,7.105142674549831e-50,1.0
2018-01-19,2.037275872621955e-53,1.0
2018-01-22,1.9497608225370367e-45,1.0
2018-01-23,2.0888908060347987e-49,1.0
2018-01-24,8.450261247717535e-44,1.0
2018-01-25,8.609859538394209e-30,1.0
2018-01-26,1.062634091180722e-30,1.0
2018-01-29,1.2555983407094993e-22,1.0
2018-01-30,2.7397453241586782e-18,1.0
2018-01-31,1.0024636338346255e-20,1.0
2018-02-01,1.1732697903458806e-21,1.0
2018-02-02,1.358740329802011e-23,1.0
2018-02-05,1.2204924450470803e-23,1.0
2018-02-06,4.954544685484617e-20,1.0
2018-02-07,9.420261800627668e-22,1.0
2018-02-08,1.6646452257855336e-27,1.0
2018-02-09,9.63207949972331e-29,1.0
2018-02-12,4.277767795959957e-28,1.0
2018-02-13,1.1792213748767121e-26,1.0
2018-02-14,4.949874487515142e-25,1.0
2018-02-15,1.1462383771613528e-19,1.0
2018-02-16,2.8549759852881915e-27,1.0
2018-02-19,4.30259957706859e-25,1.0
2018-02-20,3.5154624358791984e-24,1.0
2018-02-21,1.2875320686941245e-21,1.0
2018-02-22,2.6314922183314797e-21,1.0
2018-02-23,1.1100650712533436e-21,1.0
2018-02-26,6.394797711465639e-16,1.0
2018-02-27,3.8550358184307035e-18,1.0
2018-02-28,4.110974470513866e-20,1.0
2018-03-01,7.525649269205533e-20,1.0
2018-03-02,1.0020127676929309e-26,1.0
2018-03-05,8.671321324799949e-25,1.0
2018-03-06,2.930626887601785e-22,1.0
2018-03-07,1.6108491297967563e-21,1.0
2018-03-08,5.075761803373369e-28,1.0
2018-03-09,6.439813201926452e-26,1.0
2018-03-12,1.0336697568913926e-25,1.0
2018-03-13,2.731983662352408e-19,1.0
2018-03-14,2.04638214043729e-21,1.0
2018-03-15,2.6011731288434717e-30,1.0
2018-03-16,2.121619267971655e-22,1.0
2018-03-19,2.191486701814672e-25,1.0
2018-03-20,2.976041420166288e-22,1.0
2018-03-21,6.938307862717854e-32,1.0
2018-03-22,5.03864756960105e-28,1.0
2018-03-23,8.40954801356177e-24,1.0
2018-03-26,1.2972525236430136e-23,1.0
2018-03-27,6.2845067024858214e-21,1.0
2018-03-28,2.373801100559406e-22,1.0
2018-03-29,7.857478989632578e-20,1.0
2018-03-30,3.395373488075825e-28,1.0
2018-04-02,1.3287722543282e-25,1.0
2018-04-03,3.487001674614078e-19,1.0
2018-04-04,1.3113464780371128e-29,1.0
2018-04-05,6.777396979604685e-21,1.0
2018-04-06,2.7374144529964283e-30,1.0
2018-04-09,1.7419609815409796e-24,1.0
2018-04-10,2.092659777406463e-29,1.0
2018-04-11,3.134265496508785e-23,1.0
2018-04-12,3.736539018135386e-22,1.0
2018-04-13,4.931043157820502e-32,1.0
2018-04-16,9.170826688603908e-29,1.0
2018-04-17,4.322707783639004e-25,1.0
2018-04-18,1.7038041582770963e-23,1.0
2018-04-19,1.0597321530745511e-21,1.0
2018-04-20,2.7776331315759556e-17,1.0
2018-04-23,3.0086246249885497e-10,0.9999999996991349
2018-04-24,0.9999998683643783,1.3163562317283557e-07
2018-04-25,0.9999999980224281,1.9775724137389416e-09
2018-04-26,0.9999999999999787,2.069816816064701e-14
2018-04-27,0.9999938172769123,6.1827230882697444e-06
2018-04-30,0.9999999999982023,1.7970169719012203e-12
2018-05-01,0.9999999893389635,1.0661036532453533e-08
2018-05-02,0.9999997211155998,2.788844019590212e-07
2018-05-03,0.9999999066872548,9.331274340385205e-08
2018-05-04,1.0,1.6611211819088094e-18
2018-05-07,0.9999999998486615,1.5133848746105859e-10
2018-05-08,0.9999999999966995,3.3013081654954193e-12
2018-05-09,1.0,2.281567003961329e-15
2018-05-10,0.9999999999895905,1.040777108344614e-11
2018-05-11,0.9999999998570033,1.4299883885826742e-10
2018-05-14,1.0,1.1735177891047073e-24
2018-05-15,1.0,2.815973336708773e-20
2018-05-16,1.0,3.2419165441765163e-21
2018-05-17,1.0,1.645930358459853e-18
2018-05-18,0.9999999999875975,1.2403311255186517e-11
2018-05-21,0.9999999999693259,3.067532920598591e-11
2018-05-22,0.9999999976700877,2.329912558613212e-09
2018-05-23,0.9999999971864071,2.8135925715869217e-09
2018-05-24,0.9999999999905853,9.414067460754447e-12
2018-05-25,0.9999999994871551,5.128445907178999e-10
2018-05-28,0.9999999998251248,1.7487434574387348e-10
2018-05-29,0.9999983050337751,1.6949662236231997e-06
2018-05-30,0.9999992244669921,7.755330091154442e-07
2018-05-31,0.9999999978571346,2.1428671987233857e-09
2018-06-01,0.9999999581542562,4.184574238900225e-08
2018-06-04,0.9999999990509281,9.490712902876333e-10
2018-06-05,0.9999999964771966,3.522801853111192e-09
2018-06-06,0.9999909511448838,9.048855114725601e-06
2018-06-07,0.9999999791307632,2.086923550903042e-08
2018-06-08,0.9999988188554857,1.1811445158309292e-06
2018-06-11,0.999996446626323,3.5533736752397803e-06
2018-06-12,1.0,3.165930922845276e-26
2018-06-13,1.0,4.146978433259455e-19
2018-06-14,1.0,1.1509958191961988e-24
2018-06-15,1.0,4.89216863826606e-19
2018-06-18,3.0573435935677573e-21,1.0
2018-06-19,1.4432292871409653e-11,0.9999999999855689
2018-06-20,3.419398472832919e-14,0.9999999999999645
2018-06-21,7.572265797008058e-20,1.0
2018-06-22,1.5449294475241137e-21,1.0
2018-06-25,2.108798483143946e-18,1.0
2018-06-26,6.241242301587651e-24,1.0
2018-06-27,5.329022065727792e-21,1.0
2018-06-28,6.116822393257526e-19,1.0
2018-06-29,1.2436881477948011e-21,1.0
2018-07-02,2.6671718047549962e-17,1.0
2018-07-03,1.2523111204497986e-22,1.0
2018-07-04,8.561482713572015e-25,1.0
2018-07-05,1.3295474045128201e-17,1.0
2018-07-06,3.981620049049901e-16,1.0
2018-07-09,1.6934414948947801e-16,1.0
2018-07-10,1.231458105312041e-14,0.9999999999999893
2018-07-11,2.5228479620963896e-23,1.0
2018-07-12,2.3960384532859856e-17,1.0
2018-07-13,2.4936235595730673e-24,1.0
2018-07-16,2.0012750720063134e-20,1.0
2018-07-17,7.236060542748772e-25,1.0
2018-07-18,5.627922416043982e-20,1.0
2018-07-19,1.9862991685082312e-25,1.0
2018-07-20,2.727863712651646e-25,1.0
2018-07-23,1.0356478646999086e-26,1.0
2018-07-24,1.6143160274717668e-19,1.0
2018-07-25,3.6765443645839486e-25,1.0
2018-07-26,6.709865666011127e-23,1.0
2018-07-27,2.7814652831158896e-24,1.0
2018-07-30,2.755071285579497e-20,1.0
2018-07-31,1.3492151818330538e-25,1.0
2018-08-01,1.3989779238998206e-19,1.0
2018-08-02,1.9066461113577745e-25,1.0
2018-08-03,2.893562685570456e-27,1.0
2018-08-06,8.86841703780697e-24,1.0
2018-08-07,5.201495566525837e-28,1.0
2018-08-08,2.7131160846607086e-23,1.0
2018-08-09,6.753070151736945e-26,1.0
2018-08-10,5.243801550639849e-21,1.0
2018-08-13,9.701981113765498e-24,1.0
2018-08-14,8.17160956776575e-27,1.0
2018-08-15,9.342604189011082e-22,1.0
2018-08-16,4.529637358504992e-28,1.0
2018-08-17,6.2430724302600235e-27,1.0
2018-08-20,3.242280843624745e-26,1.0
2018-08-21,1.8460982989121964e-28,1.0
2018-08-22,2.3768112014236334e-26,1.0
2018-08-23,1.4377098569915074e-19,1.0
2018-08-24,1.6469381708678326e-21,1.0
2018-08-27,8.557729038630917e-20,1.0
2018-08-28,8.922486926645531e-26,1.0
2018-08-29,7.088196884663645e-22,1.0
2018-08-30,6.928547719382565e-27,1.0
2018-08-31,2.1854676703493458e-27,1.0
2018-09-03,8.84023162448876e-21,1.0
2018-09-04,9.143923570056855e-29,1.0
2018-09-05,1.3417378977607444e-22,1.0
2018-09-06,1.0674196238467039e-21,1.0
2018-09-07,3.5739155183265e-24,1.0
2018-09-10,2.1636624956276332e-23,1.0
2018-09-11,3.393651646034387e-26,1.0
2018-09-12,5.251717669269167e-30,1.0
2018-09-13,6.302928155685589e-21,1.0
2018-09-14,1.5623222880079447e-29,1.0
2018-09-17,6.417854452438362e-29,1.0
2018-09-18,3.4094361647964976e-30,1.0
2018-09-19,0.6019806721486484,0.39801932785135047
2018-09-20,0.9940643027761842,0.005935697223816003
2018-09-21,0.8220291464022512,0.17797085359774925
2018-09-24,0.9716246375603147,0.028375362439687007
2018-09-25,0.9971545475416924,0.0028454524583093354
2018-09-26,0.9988671353752125,0.0011328646247878605
2018-09-27,0.9999997742939085,2.257060943873092e-07
2018-09-28,1.0,3.0919057090578637e-24
2018-10-01,0.9999998941565897,1.0584341057017121e-07
2018-10-02,1.0,5.422743889294246e-17
2018-10-03,0.9999999999859206,1.4078997942893216e-11
2018-10-04,1.0,3.989809058114695e-18
2018-10-05,0.9999999999987317,1.267281983268929e-12
2018-10-08,0.9999998177035453,1.8229645612075955e-07
2018-10-09,0.9999882200706297,1.1779929370715287e-05
2018-10-10,1.0,1.474886894717869e-16
2018-10-11,0.9999999933920876,6.6079119185039786e-09
2018-10-12,1.1452326883125922e-67,1.0
2018-10-15,1.5972447876351847e-42,1.0
2018-10-16,1.8854101277143695e-38,1.0
2018-10-17,1.091498283804104e-48,1.0
2018-10-18,6.499066657937809e-51,1.0
2018-10-19,8.257170479158275e-48,1.0
2018-10-22,1.8873322294539053e-53,1.0
2018-10-23,4.345072437505024e-47,1.0
2018-10-24,6.608287598123231e-44,1.0
2018-10-25,4.082916852165238e-55,1.0
2018-10-26,6.522927895020579e-53,1.0
2018-10-29,5.548492933963365e-45,1.0
2018-10-30,1.0942988091588714e-49,1.0
2018-10-31,9.569232948425238e-49,1.0
2018-11-01,2.44716697390692e-46,1.0
2018-11-02,1.0044366065954228e-48,1.0
2018-11-05,9.367582694137295e-59,1.0
2018-11-06,1.3440289882942918e-48,1.0
2018-11-07,1.0253321522513842e-45,1.0
2018-11-08,6.338879941747623e-63,1.0
2018-11-09,5.218255338605164e-59,1.0
2018-11-12,3.199989993997934e-51,1.0
2018-11-13,1.2557322826993034e-50,1.0
2018-11-14,4.624110264470258e-54,1.0
2018-11-15,5.266702674204179e-52,1.0
2018-11-16,2.1106561963069328e-49,1.0
2018-11-19,6.575291944438383e-53,1.0
2018-11-20,1.3675609916932692e-58,1.0
2018-11-21,1.745076579983414e-59,1.0
2018-11-22,6.70836377286886e-54,1.0
2018-11-23,7.776077423446315e-47,1.0
2018-11-26,3.75448975584007e-52,1.0
2018-11-27,2.4277321549776976e-55,1.0
2018-11-28,5.800065224439866e-48,1.0
2018-11-29,4.726960534983788e-56,1.0
2018-11-30,3.597209600235011e-53,1.0
2018-12-03,1.409027676517209e-60,1.0
2018-12-04,1.1289895053476904e-51,1.0
2018-12-05,3.324333578878767e-50,1.0
2018-12-06,1.488079007419425e-48,1.0
2018-12-07,6.848084156644614e-57,1.0
2018-12-10,1.7005423980362672e-54,1.0
2018-12-11,5.2162872699569e-59,1.0
2018-12-12,2.434804694315389e-49,1.0
2018-12-13,2.7413769365262664e-63,1.0
2018-12-14,1.1129758478870301e-52,1.0
2018-12-17,1.143594445561231e-49,1.0
2018-12-18,2.5869138936508274e-59,1.0
2018-12-19,6.556180593805789e-55,1.0
2018-12-20,1.1053409215504816e-60,1.0
2018-12-21,2.454366562159907e-52,1.0
2018-12-24,7.838285157943427e-45,1.0
2018-12-25,3.141830463025394e-54,1.0
2018-12-26,7.510226615005578e-46,1.0
2018-12-27,2.001223372631266e-62,1.0
2018-12-28,4.4182014728749775e-54,1.0
2018-12-31,4.0973746152675777e-47,1.0
2019-01-01,1.4263535931547537e-46,1.0
2019-01-02,1.8762068142918156e-56,1.0
2019-01-03,4.927167679799888e-50,1.0
2019-01-04,9.556078255874865e-47,1.0
2019-01-07,7.299990092376507e-48,1.0
2019-01-08,8.140752699983625e-50,1.0
2019-01-09,1.2092026404664574e-58,1.0
2019-01-10,3.114160049880782e-59,1.0
2019-01-11,4.4012496628548444e-52,1.0
2019-01-14,1.0548712749212956e-36,1.0
2019-01-15,5.820394965095547e-31,1.0
2019-01-16,3.225618552953498e-26,1.0
2019-01-17,1.2669430783967887e-22,1.0
2019-01-18,8.248305402736397e-23,1.0
2019-01-21,2.0421843226165143e-23,1.0
2019-01-22,6.300371958009884e-23,1.0
2019-01-23,3.510894610384355e-28,1.0
2019-01-24,1.1260968461066394e-22,1.0
2019-01-25,7.207455876563282e-24,1.0
2019-01-28,3.487792989793621e-28,1.0
2019-01-29,5.491992656294482e-25,1.0
2019-01-30,1.0182847005906582e-24,1.0
2019-01-31,1.6695746134058402e-23,1.0
2019-02-01,9.606985894212732e-22,1.0
2019-02-04,2.3185335940799583e-22,1.0
2019-02-05,1.7383794913572659e-22,1.0
2019-02-06,1.3344492134620243e-31,1.0
2019-02-07,2.1368236218054406e-27,1.0
2019-02-08,1.4307449184889538e-28,1.0
2019-02-11,1.2587407006704e-26,1.0
2019-02-12,9.557855094469841e-25,1.0
2019-02-13,2.301907957715844e-21,1.0
2019-02-14,3.3902039898520894e-30,1.0
2019-02-15,3.3445048549211502e-25,1.0
2019-02-18,3.1201310769170024e-27,1.0
2019-02-19,2.800644265755934e-27,1.0
2019-02-20,7.930970050848794e-25,1.0
2019-02-21,3.521612472281022e-33,1.0
2019-02-22,2.149050788762172e-28,1.0
2019-02-25,6.4384127372516785e-27,1.0
2019-02-26,2.8335086409183433e-24,1.0
2019-02-27,8.478698166897601e-31,1.0
2019-02-28,4.957429569916114e-22,1.0
2019-03-01,2.7214196813165265e-19,1.0
2019-03-04,8.194438099693806e-21,1.0
2019-03-05,5.536978616102866e-28,1.0
2019-03-06,1.2149204691896524e-22,1.0
2019-03-07,6.103176530525306e-30,1.0
2019-03-08,4.122293092084699e-20,1.0
2019-03-11,8.5815544282171e-23,1.0
2019-03-12,1.472253130472841e-27,1.0
2019-03-13,6.79964805899104e-59,1.0
2019-03-14,3.6728134418211845e-45,1.0
2019-03-15,5.85610722330516e-44,1.0
2019-03-18,3.562515761861795e-50,1.0
2019-03-19,5.491694331727665e-51,1.0
2019-03-20,1.5401046437181915e-46,1.0
2019-03-21,2.7086858430799005e-45,1.0
2019-03-22,3.3368186692597984e-46,1.0
2019-03-25,2.9967056615632483e-53,1.0
2019-03-26,6.9385580516997e-49,1.0
2019-03-27,8.294930672325453e-46,1.0
2019-03-28,5.413644073018508e-59,1.0
2019-03-29,3.1854069464403134e-53,1.0
2019-04-01,4.645709244962108e-59,1.0
2019-04-02,3.2404354785616127e-53,1.0
2019-04-03,1.0857652786129123e-47,1.0
2019-04-04,4.451566851428834e-57,1.0
2019-04-05,4.9857316531932995e-51,1.0
2019-04-08,2.2159801226430703e-60,1.0
2019-04-09,1.422207896626962e-49,1.0
2019-04-10,1.1027656154095826e-46,1.0
2019-04-11,3.0096950333647587e-52,1.0
2019-04-12,3.1584116521708034e-49,1.0
2019-04-15,1.5914488019122097e-60,1.0
2019-04-16,3.457463188297191e-189,1.0
2019-04-17,0.9999998924911524,1.0750884877277938e-07
2019-04-18,0.7148594864984628,0.28514051350153763
2019-04-19,0.9999578294789015,4.217052109693826e-05
2019-04-22,0.9252003992449157,0.07479960075508338
2019-04-23,0.993470835927901,0.006529164072099065
2019-04-24,1.0,1.025334006912817e-20
2019-04-25,1.0,9.960130039688239e-22
2019-04-26,0.9999999999999858,1.5435949405888098e-14
2019-04-29,0.9999999994190958,5.809052316145589e-10
2019-04-30,0.9999999997981313,2.0186801586145564e-10
2019-05-01,0.9999998865219653,1.1347803417383343e-07
2019-05-02,0.9999999999999929,8.061773225308258e-15
2019-05-03,0.9999999854425107,1.4557490685074917e-08
2019-05-06,0.9999998403608522,1.596391463893061e-07
2019-05-07,0.9999999999999787,2.2110573301847993e-14
2019-05-08,0.9999999997006483,2.9935191873400155e-10
2019-05-09,0.9999999985615879,1.4384138125531443e-09
2019-05-10,0.9999999287458071,7.125419323282266e-08
2019-05-13,0.9999969317820853,3.0682179153997762e-06
2019-05-14,0.9999999806510262,1.934897353990229e-08
2019-05-15,0.9999999999999893,1.0853683916878943e-14
2019-05-16,0.9999999999997939,2.0602162277442186e-13
2019-05-17,0.9999957636830129,4.23631698771139e-06
2019-05-20,0.999999999998753,1.2486626321240183e-12
2019-05-21,0.9999998779203348,1.2207966488220288e-07
2019-05-22,0.9999999999998899,1.1052900307818886e-13
2019-05-23,1.0,5.2702445396046695e-17
2019-05-24,0.9999999999998721,1.2852308086172688e-13
2019-05-27,1.0,5.444063236322781e-22
2019-05-28,0.9999999999995133,4.861320731413234e-13
2019-05-29,0.9999999999910507,8.94909734286621e-12
2019-05-30,0.999999999993566,6.433133061234324e-12
2019-05-31,1.0,3.672822673063977e-28
2019-06-03,1.0,6.323933537603895e-19
2019-06-04,0.9999999999996838,3.1554477837373344e-13
2019-06-05,0.9999999999998934,1.05386494322849e-13
2019-06-06,1.0,2.5300426174768203e-16
2019-06-07,0.9999999527274579,4.7272542363853784e-08
2019-06-10,0.9999999999999893,8.93671879454803e-15
2019-06-11,0.9999735771159282,2.6422884072796546e-05
2019-06-12,0.9999998007027372,1.9929726315863941e-07
2019-06-13,0.9999999999974136,2.5854046766568465e-12
2019-06-14,0.9999999999999964,3.576060239602074e-15
2019-06-17,0.9999999988424797,1.1575186141016948e-09
2019-06-18,0.9999999856851859,1.4314815893541985e-08
2019-06-19,0.9999999999886136,1.138697825967552e-11
2019-06-20,0.9999999999995204,4.784495157122863e-13
2019-06-21,0.9999999999865494,1.345055066591033e-11
2019-06-24,0.9999999999992752,7.233519929127448e-13
2019-06-25,0.9999998040592409,1.9594075825968425e-07
2019-06-26,0.9999999991602309,8.397675129238418e-10
2019-06-27,0.9999999999996163,3.85417954613207e-13
2019-06-28,0.9999999999996021,3.9761697803972567e-13
2019-07-01,0.9999999999999787,2.1783191421647655e-14
2019-07-02,1.0,7.906727794513242e-34
2019-07-03,1.0,7.245543800566639e-19
2019-07-04,1.0,4.3338866387472676e-17
2019-07-05,2.776686320519296e-69,1.0
2019-07-08,1.975417495177058e-45,1.0
2019-07-09,7.926242368764084e-43,1.0
2019-07-10,6.824319714737108e-46,1.0
2019-07-11,1.2199883416967742e-38,1.0
2019-07-12,9.33591156395484e-42,1.0
2019-07-15,1.1021503392150094e-40,1.0
2019-07-16,3.3466400360257946e-44,1.0
2019-07-17,1.3320442548167593e-41,1.0
2019-07-18,2.398214337864099e-41,1.0
2019-07-19,2.4809175971694835e-54,1.0
2019-07-22,5.760208632912601e-50,1.0
2019-07-23,7.87136841788214e-54,1.0
2019-07-24,1.3383099319757142e-46,1.0
2019-07-25,8.855175914047912e-41,1.0
2019-07-26,2.825774989202165e-45,1.0
2019-07-29,1.5971308897891108e-46,1.0
2019-07-30,1.9134780031819728e-42,1.0
2019-07-31,3.7865202386509804e-57,1.0
2019-08-01,1.0132155547869934e-57,1.0
2019-08-02,1.103992164898932e-47,1.0
2019-08-05,4.4468247707665735e-44,1.0
2019-08-06,8.820326620634822e-48,1.0
2019-08-07,8.184568806223306e-55,1.0
2019-08-08,3.834708395498398e-45,1.0
2019-08-09,5.056551508907955e-46,1.0
2019-08-12,6.787399032013129e-47,1.0
2019-08-13,3.0691294485051146e-55,1.0
2019-08-14,2.520266813116881e-50,1.0
2019-08-15,1.0583453175133427e-45,1.0
2019-08-16,3.301748619186893e-44,1.0
2019-08-19,1.324199452248284e-49,1.0
2019-08-20,9.359723430850213e-50,1.0
2019-08-21,6.147890432761162e-47,1.0
2019-08-22,2.969191161188018e-49,1.0
2019-08-23,1.582835217541349e-51,1.0
2019-08-26,4.3953654838425525e-57,1.0
2019-08-27,4.423716061070082e-56,1.0
2019-08-28,2.572312943849369e-47,1.0
2019-08-29,2.9973826685369275e-60,1.0
2019-08-30,1.4461146221881916e-57,1.0
2019-09-02,6.912156871517311e-48,1.0
2019-09-03,3.0793590044342763e-47,1.0
2019-09-04,4.268924947431238e-61,1.0
2019-09-05,3.1791597017133923e-54,1.0
2019-09-06,1.2931839207115267e-47,1.0
2019-09-09,8.065098285615947e-53,1.0
2019-09-10,3.291577107303205e-51,1.0
2019-09-11,1.1519110424900521e-51,1.0
2019-09-12,4.721987678300365e-56,1.0
2019-09-13,6.80577142625774e-49,1.0
2019-09-16,9.282126814444242e-60,1.0
2019-09-17,3.413897862739379e-52,1.0
2019-09-18,1.6580685545241696e-57,1.0
2019-09-19,3.9412886440209e-59,1.0
2019-09-20,1.1793782715894062e-58,1.0
2019-09-23,1.2285304369089605e-49,1.0
2019-09-24,1.2748766345278118e-58,1.0
2019-09-25,3.024961765339892e-55,1.0
2019-09-26,3.2723460169406184e-58,1.0
2019-09-27,1.9854763489498038e-49,1.0
2019-09-30,5.831170391908925e-53,1.0
2019-10-01,5.21279779645208e-46,1.0
2019-10-02,2.427528171593862e-49,1.0
2019-10-03,1.535075305512548e-51,1.0
2019-10-04,4.768758682678974e-50,1.0
2019-10-07,2.5926161227358152e-36,1.0
2019-10-08,3.753331961766892e-22,1.0
2019-10-09,7.478583508125229e-19,1.0
2019-10-10,2.708142955599409e-28,1.0
2019-10-11,2.782495421890526e-21,1.0
2019-10-14,2.1958693456800506e-26,1.0
2019-10-15,7.235468777134274e-24,1.0
2019-10-16,2.83127024074744e-51,1.0
2019-10-17,6.029841272263365e-43,1.0
2019-10-18,7.550645754308309e-55,1.0
2019-10-21,1.8663995938104365e-48,1.0
2019-10-22,2.7111789408709213e-47,1.0
2019-10-23,5.178252732957424e-57,1.0
2019-10-24,8.658130115930558e-50,1.0
2019-10-25,1.005891657201359e-48,1.0
2019-10-28,6.831007616342819e-47,1.0
2019-10-29,5.54532239092243e-44,1.0
2019-10-30,6.121037280120217e-63,1.0
2019-10-31,5.508575147888845e-57,1.0
2019-11-01,7.087796192194058e-58,1.0
2019-11-04,2.2669425334177374e-55,1.0
2019-11-05,8.200433820846879e-52,1.0
2019-11-06,1.7929401122748373e-45,1.0
2019-11-07,2.88612967078351e-52,1.0
2019-11-08,7.670173116816208e-49,1.0
2019-11-11,6.542270487908189e-55,1.0
2019-11-12,1.2133358304586554e-55,1.0
2019-11-13,1.323890650748769e-48,1.0
2019-11-14,2.84047126467163e-50,1.0
2019-11-15,2.887004982041534e-55,1.0
2019-11-18,2.4217051758707486e-47,1.0
2019-11-19,1.782519706387574e-53,1.0
2019-11-20,1.435366900996453e-58,1.0
2019-11-21,1.4190183258251084e-53,1.0
2019-11-22,8.43422735545829e-50,1.0
2019-11-25,1.9492337409117797e-55,1.0
2019-11-26,1.7980786416582943e-48,1.0
2019-11-27,1.5136070727381822e-52,1.0
2019-11-28,6.068713544341348e-53,1.0
2019-11-29,2.5820652741968205e-47,1.0
2019-12-02,1.2286818588549027e-53,1.0
2019-12-03,5.980411030544621e-54,1.0
2019-12-04,2.6632580221355682e-59,1.0
2019-12-05,5.673155538546819e-55,1.0
2019-12-06,2.1944212868412562e-54,1.0
2019-12-09,2.0403809032033835e-58,1.0
2019-12-10,2.700282690674874e-52,1.0
2019-12-11,5.787974072547265e-60,1.0
2019-12-12,6.3305955952037665e-58,1.0
2019-12-13,8.667833855608565e-53,1.0
2019-12-16,2.2462925824159535e-57,1.0
2019-12-17,1.4652220277259322e-51,1.0
2019-12-18,3.0675613184703767e-50,1.0
2019-12-19,4.322163766562397e-57,1.0
2019-12-20,1.4997499741756203e-60,1.0
2019-12-23,4.4539375115184794e-54,1.0
2019-12-24,2.6639342347999757e-60,1.0
2019-12-25,1.212752947187887e-53,1.0
2019-12-26,1.2201932139807846e-49,1.0
2019-12-27,3.9689388545300356e-51,1.0
2019-12-30,1.0073995488410284e-53,1.0
2019-12-31,6.287482639782798e-47,1.0
2020-01-01,1.4979179088620249e-62,1.0
2020-01-02,5.463900852523856e-50,1.0
2020-01-03,4.6143831088074965e-48,1.0
2020-01-06,1.2040479736634875e-54,1.0
2020-01-07,6.079312357893804e-59,1.0
2020-01-08,1.0444674874248939e-58,1.0
2020-01-09,3.187810498316412e-48,1.0
2020-01-10,2.175403734418699e-58,1.0
2020-01-13,2.54967601752014e-48,1.0
2020-01-14,2.691869157444901e-52,1.0
2020-01-15,3.038925073284272e-52,1.0
2020-01-16,1.3278463426770745e-49,1.0
2020-01-17,6.613426071166807e-58,1.0
2020-01-20,6.673992750089427e-54,1.0
2020-01-21,7.390229930275061e-47,1.0
2020-01-22,3.552881109120593e-58,1.0
2020-01-23,2.9230764147319224e-48,1.0
2020-01-24,1.04437158005453e-44,1.0
2020-01-27,1.186483533386868e-63,1.0
2020-01-28,2.2199678783333625e-53,1.0
2020-01-29,8.078755142447215e-59,1.0
2020-01-30,8.546399819002648e-52,1.0
2020-01-31,8.559311135419397e-136,1.0
2020-02-03,0.880875773788579,0.11912422621142316
2020-02-04,0.9681105590542676,0.03188944094573542
2020-02-05,0.9994416745228822,0.000558325477119798
2020-02-06,0.4103602735086056,0.5896397264913911
2020-02-07,0.989453292851816,0.010546707148181823
2020-02-10,0.9999999759580833,2.4041917692851346e-08
2020-02-11,1.0,3.260898684626268e-16
2020-02-12,0.9999999499770039,5.0022998045145734e-08
2020-02-13,0.9999999965917752,3.4082243532684807e-09
2020-02-14,0.9999999991355821,8.644186514447298e-10
2020-02-17,0.9999999580836993,4.191630069640898e-08
2020-02-18,0.999999992490963,7.509036529730924e-09
2020-02-19,0.9999999999143583,8.564347988324445e-11
2020-02-20,0.9999952554576769,4.744542321870645e-06
2020-02-21,0.9999853145888691,1.4685411132123157e-05
2020-02-24,0.9999999999997335,2.6729221506122596e-13
2020-02-25,1.0,1.6561624270296834e-18
2020-02-26,0.9999999999997122,2.873455102390681e-13
2020-02-27,0.999999999998245,1.7566160829789432e-12
2020-02-28,0.999999999999897,1.0140071562552871e-13
2020-03-02,0.9999999999750742,2.4927566380477027e-11
2020-03-03,0.9999999987255919,1.2744076292099663e-09
2020-03-04,0.9999999999999964,3.5968797365335624e-15
2020-03-05,0.9999999377927492,6.220725097415468e-08
2020-03-06,1.0,1.3159160609676783e-15
2020-03-09,0.999999985280514,1.4719485984413173e-08
2020-03-10,0.9999999999999432,5.560024315954452e-14
2020-03-11,0.9999998709906043,1.290093952498768e-07
2020-03-12,0.9958682365824498,0.004131763417550928
2020-03-13,0.999998820748181,1.1792518175333518e-06
2020-03-16,0.9999518138837975,4.818611620340815e-05
2020-03-17,0.999999999998213,1.786528553232349e-12
2020-03-18,1.0,8.111029258516055e-21
2020-03-19,0.999999999462748,5.372530869769865e-10
2020-03-20,0.9999999999996803,3.1920352316167374e-13
2020-03-23,0.9999993938833878,6.061166121745642e-07
2020-03-24,0.999998605143378,1.394856622456462e-06
2020-03-25,1.0664375298921706e-32,1.0
2020-03-26,1.7377613162388643e-19,1.0
2020-03-27,5.515728819460204e-17,1.0
2020-03-30,1.7146025272136646e-16,1.0
2020-03-31,1.9450839238406672e-21,1.0
2020-04-01,2.360232948760845e-25,1.0
2020-04-02,1.3142987010289971e-20,1.0
2020-04-03,1.5997955971543744e-21,1.0
2020-04-06,2.3771396306428873e-18,1.0
2020-04-07,2.555079137174571e-19,1.0
2020-04-08,3.325641007487192e-16,1.0
2020-04-09,7.874474137343296e-16,1.0
2020-04-10,3.3092714442158014e-19,1.0
2020-04-13,4.8418091363387495e-18,1.0
2020-04-14,1.429272299899465e-17,1.0
2020-04-15,9.65841191220726e-28,1.0
2020-04-16,6.197550156848517e-20,1.0
2020-04-17,1.1123590353437797e-25,1.0
2020-04-20,1.605235110354032e-24,1.0
2020-04-21,1.5801271222240687e-22,1.0
2020-04-22,1.1864603034275447e-22,1.0
2020-04-23,1.926603228160001e-29,1.0
2020-04-24,2.708190147866284e-26,1.0
2020-04-27,7.500936737355605e-28,1.0
2020-04-28,1.8499176342996368e-20,1.0
2020-04-29,1.7050109793058328e-17,1.0
2020-04-30,3.106262610140341e-17,1.0
2020-05-01,5.494241233491116e-23,1.0
2020-05-04,2.0540111313076098e-23,1.0
2020-05-05,8.056865541823518e-18,1.0
2020-05-06,4.3082961525446885e-28,1.0
2020-05-07,7.439557856596013e-20,1.0
2020-05-08,1.0521102250658559e-20,1.0
2020-05-11,6.482556412776528e-24,1.0
2020-05-12,4.096295681362774e-27,1.0
2020-05-13,6.549173848132198e-30,1.0
2020-05-14,9.316614508395602e-23,1.0
2020-05-15,8.50061724065625e-22,1.0
2020-05-18,3.48681953528148e-18,1.0
2020-05-19,5.218354707890081e-20,1.0
2020-05-20,5.790272854569331e-22,1.0
2020-05-21,5.068495246509436e-25,1.0
2020-05-22,1.0166725600143019e-19,1.0
2020-05-25,1.0714633262942105e-24,1.0
2020-05-26,5.261378817317674e-21,1.0
2020-05-27,4.5321070968671643e-20,1.0
2020-05-28,4.568504828496957e-18,1.0
2020-05-29,1.1907285047536171e-23,1.0
2020-06-01,9.983211635151145e-26,1.0
2020-06-02,4.509616025076945e-19,1.0
2020-06-03,2.6590272954010558e-20,1.0
2020-06-04,3.483954854593626e-22,1.0
2020-06-05,0.9999999921838594,7.816139544897628e-09
2020-06-08,0.9999999998650644,1.3493621200199926e-10
2020-06-09,0.9999999999999929,8.604850089416805e-15
2020-06-10,6.159895558472903e-73,1.0
2020-06-11,6.353302184600586e-39,1.0
2020-06-12,1.3752470744111082e-51,1.0
2020-06-15,5.636105457303569e-43,1.0
2020-06-16,3.4770045279928954e-51,1.0
2020-06-17,1.692141678192777e-54,1.0
2020-06-18,5.482298540848542e-55,1.0
2020-06-19,5.895845843464455e-46,1.0
2020-06-22,5.427091578072924e-44,1.0
2020-06-23,5.294704673645723e-53,1.0
2020-06-24,2.6987799974213142e-55,1.0
2020-06-25,8.548129651259275e-53,1.0
2020-06-26,5.853069195893494e-53,1.0
2020-06-29,2.2015303761637255e-46,1.0
2020-06-30,1.81037315001045e-54,1.0
2020-07-01,2.423889151122927e-53,1.0
2020-07-02,5.696509762068435e-57,1.0
2020-07-03,3.617027855369157e-49,1.0
2020-07-06,5.2288780268621445e-47,1.0
2020-07-07,1.3051445300727277e-48,1.0
2020-07-08,4.915110699810939e-50,1.0
2020-07-09,1.1200678676829323e-44,1.0
2020-07-10,1.570159302428471e-52,1.0
2020-07-13,1.751848841881258e-45,1.0
2020-07-14,2.41106455796805e-48,1.0
2020-07-15,6.811597353864341e-59,1.0
2020-07-16,2.870362470139709e-48,1.0
2020-07-17,1.3306348694419816e-49,1.0
2020-07-20,8.55630216979203e-49,1.0
2020-07-21,1.382299854834167e-57,1.0
2020-07-22,5.583062274313214e-53,1.0
2020-07-23,2.083071659675031e-45,1.0
2020-07-24,1.9603442118015155e-57,1.0
2020-07-27,1.178196433320896e-59,1.0
2020-07-28,9.489478832540173e-55,1.0
2020-07-29,1.6170592827290966e-51,1.0
2020-07-30,2.3476445589168763e-46,1.0
2020-07-31,6.213933078913185e-49,1.0
2020-08-03,1.130743471702542e-44,1.0
2020-08-04,7.537175390781243e-52,1.0
2020-08-05,2.687179208947881e-52,1.0
2020-08-06,2.7332464885184103e-55,1.0
2020-08-07,1.4827429072217211e-55,1.0
2020-08-10,7.842013201183605e-49,1.0
2020-08-11,6.88485923290438e-61,1.0
2020-08-12,1.2862715732233992e-56,1.0
2020-08-13,4.2237627406798946e-48,1.0
2020-08-14,1.92590726559952e-51,1.0
2020-08-17,1.9290351408220332e-60,1.0
2020-08-18,1.3009404263169066e-50,1.0
2020-08-19,8.040756641333054e-52,1.0
2020-08-20,7.414202505776267e-47,1.0
2020-08-21,3.2417482373144624e-49,1.0
2020-08-24,2.726077385360154e-62,1.0
2020-08-25,1.4044257526188863e-57,1.0
2020-08-26,1.7485545966879366e-56,1.0
2020-08-27,4.783502824705727e-50,1.0
2020-08-28,3.3320995839915978e-52,1.0
2020-08-31,9.779315569511364e-50,1.0
2020-09-01,1.2786430973483984e-52,1.0
2020-09-02,1.0971372854850616e-55,1.0
2020-09-03,1.4114189490599658e-59,1.0
2020-09-04,5.747656617764388e-58,1.0
2020-09-07,7.470807782812217e-54,1.0
2020-09-08,6.762545111048001e-51,1.0
2020-09-09,1.2499854033022115e-45,1.0
2020-09-10,1.2446640678182005e-57,1.0
2020-09-11,3.820466173469032e-50,1.0
2020-09-14,3.8289587391804216e-59,1.0
2020-09-15,1.542656983336702e-50,1.0
2020-09-16,1.5556298640636461e-62,1.0
2020-09-17,1.9452508802348452e-51,1.0
2020-09-18,1.3046043915797728e-58,1.0
2020-09-21,2.7737506531137015e-57,1.0
2020-09-22,3.346076359276757e-51,1.0
2020-09-23,2.649463572813574e-54,1.0
2020-09-24,1.0431755593367443e-52,1.0
2020-09-25,2.6870503905092925e-55,1.0
2020-09-28,8.623532610224466e-47,1.0
2020-09-29,3.035152241966179e-57,1.0
2020-09-30,1.770037999788539e-51,1.0
2020-10-01,1.4059613039020725e-46,1.0
2020-10-02,1.4992502970142678e-49,1.0
2020-10-05,7.982366480216957e-56,1.0
2020-10-06,4.1080445525692065e-52,1.0
2020-10-07,1.1876019188231051e-60,1.0
2020-10-08,3.4189967237871957e-53,1.0
2020-10-09,7.961448939303299e-54,1.0
2020-10-12,6.3492276613309105e-49,1.0
2020-10-13,1.3933937641719379e-46,1.0
2020-10-14,5.86196763185608e-59,1.0
2020-10-15,2.8185611406813154e-59,1.0
2020-10-16,1.3575088881622136e-54,1.0
2020-10-19,6.77170610237972e-52,1.0
2020-10-20,9.285443694194332e-55,1.0
2020-10-21,5.190783719821783e-51,1.0
2020-10-22,7.784893861261242e-53,1.0
2020-10-23,6.241339516204962e-46,1.0
2020-10-26,5.2327984545707664e-55,1.0
2020-10-27,1.9559989194122534e-60,1.0
2020-10-28,3.671847679920693e-56,1.0
2020-10-29,1.8020038558841994e-51,1.0
2020-10-30,1.790902477318999e-57,1.0
2020-11-02,4.1904412213502274e-55,1.0
2020-11-03,1.814956472254385e-53,1.0
2020-11-04,3.056781655887588e-48,1.0
2020-11-05,2.905991622378054e-44,1.0
2020-11-06,6.714547973497347e-55,1.0
2020-11-09,3.346784715573692e-57,1.0
2020-11-10,1.881680789894217e-54,1.0
2020-11-11,1.769064678662854e-55,1.0
2020-11-12,2.827989865255844e-47,1.0
2020-11-13,9.345773109710661e-55,1.0
2020-11-16,5.549595903697197e-50,1.0
2020-11-17,1.2151042201868268e-46,1.0
2020-11-18,8.632891004874153e-51,1.0
2020-11-19,1.2020013343094219e-57,1.0
2020-11-20,1.6705642935205895e-51,1.0
2020-11-23,8.312405226814868e-55,1.0
2020-11-24,9.984261659015233e-43,1.0
2020-11-25,9.811797584212143e-20,1.0
2020-11-26,3.526278049423837e-30,1.0
2020-11-27,4.8532595529761265e-26,1.0
2020-11-30,2.761536068936171e-29,1.0
2020-12-01,2.9580284609800007e-28,1.0
2020-12-02,4.259631495390745e-25,1.0
2020-12-03,2.1446881760805618e-24,1.0
2020-12-04,1.2108839362848338e-22,1.0
2020-12-07,1.1047263608356702e-28,1.0
2020-12-08,9.677015502272908e-32,1.0
2020-12-09,4.07610073765299e-27,1.0
2020-12-10,5.982902707764684e-23,1.0
2020-12-11,2.836440926841394e-21,1.0
2020-12-14,1.8087359648468674e-24,1.0
2020-12-15,3.7499369837522537e-20,1.0
2020-12-16,1.1629984187999534e-18,1.0
2020-12-17,1.4576000593402475e-25,1.0
2020-12-18,3.369363956946999e-35,1.0
2020-12-21,1.0,1.3173687998149042e-15
2020-12-22,1.0,2.020607844616045e-17
2020-12-23,1.0,3.182106459981142e-17
2020-12-24,1.0,8.642193650536032e-17
2020-12-25,0.9999999999999822,1.652796676922057e-14
2020-12-28,0.9999999998607407,1.3925815567127074e-10
2020-12-29,0.9999999999999964,4.9047129323245264e-15
2020-12-30,0.9999999999554312,4.457029335715523e-11
2020-12-31,0.9999999999998685,1.3072834017659966e-13
2021-01-01,1.0,3.223809829943015e-16
2021-01-04,0.9999999910567468,8.943254117585603e-09
2021-01-05,0.9997566742381296,0.00024332576187071077
2021-01-06,1.0,1.8511924509927937e-27
2021-01-07,1.0,1.318502495745528e-15
2021-01-08,1.0,2.875688762092804e-16
2021-01-11,1.0,1.6188885499512424e-16
2021-01-12,1.0,6.231153382539293e-23
2021-01-13,1.0,2.9415385077518696e-27
2021-01-14,0.9999999999907203,9.278735118743846e-12
2021-01-15,0.9999998669340986,1.3306590032503679e-07
2021-01-18,0.999999999999801,1.9812441099051576e-13
2021-01-19,1.0,8.174010176482093e-27
2021-01-20,0.9999999999988347,1.1654000573135223e-12
2021-01-21,0.9999999999936655,6.332797686991092e-12
2021-01-22,0.9999999999999858,1.3040846723464555e-14
2021-01-25,1.0,2.326790918771389e-17
2021-01-26,0.9999999998165343,1.8346420682152843e-10
2021-01-27,0.9999999979690912,2.030910069562503e-09
2021-01-28,0.9999999996594688,3.4053108405377537e-10
2021-01-29,0.9999999999383817,6.161934031898103e-11
2021-02-01,0.9999999999999929,6.2669518775328165e-15
2021-02-02,1.0,2.524145760020158e-21
2021-02-03,1.0,5.765870671529554e-19
2021-02-04,0.9999999999447162,5.528523930017503e-11
2021-02-05,1.0,8.15917621359748e-29
2021-02-08,1.0,5.619205269067151e-20
2021-02-09,1.0,2.986876079567416e-18
2021-02-10,1.0,8.364878051397753e-25
2021-02-11,1.0,7.418961314348669e-28
2021-02-12,1.0,6.646538340983954e-32
2021-02-15,1.0,1.7386374820388018e-31
2021-02-16,1.0,2.89946241425618e-16
2021-02-17,1.0,7.06971920785757e-24
2021-02-18,1.0,6.788759252113998e-20
2021-02-19,0.9999999971732514,2.82674696356694e-09
2021-02-22,1.0,7.603754828822344e-17
2021-02-23,0.9999999960643677,3.9356320086295284e-09
2021-02-24,1.0,2.5188281160781015e-16
2021-02-25,0.9999999999957652,4.234165452513626e-12
2021-02-26,1.0,2.301521124474159e-17
2021-03-01,0.9999999999799769,2.0024542303382032e-11
2021-03-02,1.0,4.445692771188968e-23
2021-03-03,1.0,5.346468126724534e-16
2021-03-04,0.9999999999999787,2.1228594391405173e-14
2021-03-05,4.757953075366662e-69,1.0
2021-03-08,1.0159235232720831e-44,1.0
2021-03-09,1.6580749717298762e-38,1.0
2021-03-10,1.6790390918124564e-50,1.0
2021-03-11,1.073928027257906e-41,1.0
2021-03-12,3.590296654041195e-49,1.0
2021-03-15,3.464378121648809e-45,1.0
2021-03-16,2.260130685894992e-50,1.0
2021-03-17,8.403288638781866e-43,1.0
2021-03-18,7.300762187373408e-39,1.0
2021-03-19,2.261081162049642e-52,1.0
2021-03-22,1.8146403559289078e-41,1.0
2021-03-23,3.3248214952523694e-50,1.0
2021-03-24,6.485704126893705e-46,1.0
2021-03-25,1.7061738161437616e-43,1.0
2021-03-26,1.4852916470294146e-53,1.0
2021-03-29,4.518980558809745e-48,1.0
2021-03-30,1.3956893435285757e-55,1.0
2021-03-31,3.8637518720432596e-48,1.0
2021-04-01,2.0360000838948954e-51,1.0
2021-04-02,1.3489160914721406e-44,1.0
2021-04-05,4.716243045328687e-55,1.0
2021-04-06,4.712477778202002e-45,1.0
2021-04-07,1.7255074500434216e-57,1.0
2021-04-08,1.1684490701349789e-48,1.0
2021-04-09,2.212895435775186e-53,1.0
2021-04-12,2.0246924907035303e-55,1.0
2021-04-13,2.9274300782302453e-57,1.0
2021-04-14,9.351532561264718e-50,1.0
2021-04-15,1.0743907086175051e-55,1.0
2021-04-16,7.431437180651192e-50,1.0
2021-04-19,4.3808433862192114e-43,1.0
2021-04-20,5.990359682944418e-55,1.0
2021-04-21,2.9135791166523115e-58,1.0
2021-04-22,1.0226283239274902e-55,1.0
2021-04-23,2.349027397585624e-56,1.0
2021-04-26,1.1450360331890128e-51,1.0
2021-04-27,3.61908789695892e-47,1.0
2021-04-28,6.920632098792336e-55,1.0
2021-04-29,1.3001831156886644e-56,1.0
2021-04-30,2.095657202890918e-49,1.0
2021-05-03,8.504125699883723e-54,1.0
2021-05-04,8.601571806989924e-50,1.0
2021-05-05,1.0942429125504711e-44,1.0
2021-05-06,4.159808383241757e-56,1.0
2021-05-07,7.005420430003082e-52,1.0
2021-05-10,1.6214432557271382e-47,1.0
2021-05-11,6.015397240766258e-49,1.0
2021-05-12,1.376213942043849e-47,1.0
2021-05-13,2.1058836558535254e-47,1.0
2021-05-14,3.923433857545921e-51,1.0
2021-05-17,8.398912717532393e-52,1.0
2021-05-18,1.8244073234105494e-48,1.0
2021-05-19,4.528486528588386e-49,1.0
2021-05-20,1.1077773395855532e-49,1.0
2021-05-21,5.318454003532489e-55,1.0
2021-05-24,3.877939916462723e-48,1.0
2021-05-25,8.960407730666962e-59,1.0
2021-05-26,1.623728360536097e-58,1.0
2021-05-27,1.484989091575398e-55,1.0
2021-05-28,3.6925470561242737e-57,1.0
2021-05-31,2.742816703473705e-51,1.0
2021-06-01,4.0848278009197124e-58,1.0
2021-06-02,2.6264607920511242e-51,1.0
2021-06-03,1.6490634102938063e-52,1.0
2021-06-04,3.8682623086213647e-59,1.0
2021-06-07,4.4397157692614006e-49,1.0
2021-06-08,7.572861282273867e-27,1.0
2021-06-09,1.2022958085999064e-25,1.0
2021-06-10,5.0152138557154396e-30,1.0
2021-06-11,5.0828470360073373e-67,1.0
2021-06-14,4.16933834946753e-55,1.0
2021-06-15,4.946897624735566e-59,1.0
2021-06-16,7.6580617772032e-60,1.0
2021-06-17,1.1833323983355202e-49,1.0
2021-06-18,3.269227221962055e-61,1.0
2021-06-21,2.120291070281402e-58,1.0
2021-06-22,1.3827902646853282e-49,1.0
2021-06-23,4.48487245295273e-50,1.0
2021-06-24,5.948787654185901e-54,1.0
2021-06-25,5.331483735796624e-51,1.0
2021-06-28,1.7800872655036874e-46,1.0
2021-06-29,9.403531227195406e-63,1.0
2021-06-30,1.687380054333592e-57,1.0
2021-07-01,2.806631716491776e-49,1.0
2021-07-02,8.949324148080014e-49,1.0
2021-07-05,9.873612127896107e-46,1.0
2021-07-06,5.087049252046354e-58,1.0
2021-07-07,6.57673735325061e-47,1.0
2021-07-08,2.6758430417208e-56,1.0
2021-07-09,2.2061532654340916e-49,1.0
2021-07-12,1.7094952935332917e-46,1.0
2021-07-13,5.429448922192856e-60,1.0
2021-07-14,1.73689358874776e-57,1.0
2021-07-15,3.2531528667643623e-52,1.0
2021-07-16,8.922023055136004e-48,1.0
2021-07-19,2.8222677056778146e-62,1.0
2021-07-20,2.7003654375912497e-50,1.0
2021-07-21,2.7613016883100834e-56,1.0
2021-07-22,2.4222417263273172e-54,1.0
2021-07-23,2.4840569422731983e-55,1.0
2021-07-26,1.0558109445204809e-47,1.0
2021-07-27,5.286804756746586e-61,1.0
2021-07-28,4.676886448085545e-52,1.0
2021-07-29,1.9679953950577847e-58,1.0
2021-07-30,1.570494416456358e-48,1.0
2021-08-02,2.1732215213687232e-47,1.0
2021-08-03,1.531070435456024e-57,1.0
2021-08-04,2.051929955384053e-55,1.0
2021-08-05,1.7061505095252516e-54,1.0
2021-08-06,4.363636379810261e-54,1.0
2021-08-09,1.8831846006843542e-48,1.0
2021-08-10,1.3282167138150034e-51,1.0
2021-08-11,1.119881489960126e-53,1.0
2021-08-12,7.948660827864743e-49,1.0
2021-08-13,2.919519451571103e-53,1.0
2021-08-16,2.9926351875250953e-58,1.0
2021-08-17,1.8068757355091657e-58,1.0
2021-08-18,3.350311176856587e-55,1.0
2021-08-19,3.948374614221833e-51,1.0
2021-08-20,8.819464493459273e-60,1.0
2021-08-23,7.021131451224511e-52,1.0
2021-08-24,2.1930412218360304e-56,1.0
2021-08-25,4.408992837178246e-50,1.0
2021-08-26,3.8119977509300454e-62,1.0
2021-08-27,1.2489816418792717e-53,1.0
2021-08-30,3.220822650604337e-61,1.0
2021-08-31,6.270213056617899e-56,1.0
2021-09-01,5.1666330160902746e-61,1.0
2021-09-02,4.28956016190049e-54,1.0
2021-09-03,1.0087891696686111e-48,1.0
2021-09-06,2.4568834946160565e-61,1.0
2021-09-07,6.17066895314176e-51,1.0
2021-09-08,5.6343284562636055e-52,1.0
2021-09-09,3.648544700432556e-53,1.0
2021-09-10,2.230351971339643e-51,1.0
2021-09-13,2.34092851461154e-56,1.0
2021-09-14,3.15275307117309e-50,1.0
2021-09-15,2.2312549343062098e-48,1.0
2021-09-16,4.5844466038285296e-48,1.0
2021-09-17,1.0469840161439294e-57,1.0
2021-09-20,8.223741972207833e-51,1.0
2021-09-21,1.526355310398397e-59,1.0
2021-09-22,2.6669949058379106e-53,1.0
2021-09-23,6.142873321336753e-62,1.0
2021-09-24,1.6290354338454688e-57,1.0
2021-09-27,1.2758612906443342e-51,1.0
2021-09-28,4.073996432779552e-47,1.0
2021-09-29,4.6795032643006355e-63,1.0
2021-09-30,4.233135356037143e-53,1.0
2021-10-01,2.2339234748433533e-50,1.0
2021-10-04,3.4630549200492495e-46,1.0
2021-10-05,1.0576656767491627e-50,1.0
2021-10-06,7.795645889241667e-61,1.0
2021-10-07,1.3883172557855367e-58,1.0
2021-10-08,4.069251942052648e-51,1.0
2021-10-11,2.29432772825662e-57,1.0
2021-10-12,8.046870786403762e-48,1.0
2021-10-13,2.683596746790845e-45,1.0
2021-10-14,2.4460700899342504e-44,1.0
2021-10-15,6.58101684158471e-57,1.0
2021-10-18,3.426839899020944e-49,1.0
2021-10-19,5.681556292126527e-49,1.0
2021-10-20,1.779779420012602e-61,1.0
2021-10-21,1.3788747261642398e-56,1.0
2021-10-22,4.719925792867598e-57,1.0
2021-10-25,1.5733497422883348e-54,1.0
2021-10-26,8.178467779197112e-47,1.0
2021-10-27,2.108941536115484e-47,1.0
2021-10-28,1.7625404988081319e-56,1.0
2021-10-29,1.4855172637078934e-51,1.0
2021-11-01,1.576545417142055e-57,1.0
2021-11-02,1.4713728941965438e-55,1.0
2021-11-03,3.4696051769033227e-59,1.0
2021-11-04,2.2200618307627397e-51,1.0
2021-11-05,1.1137690321700785e-49,1.0
2021-11-08,8.345416721994461e-47,1.0
2021-11-09,9.103139513140519e-46,1.0
2021-11-10,2.698087965911988e-59,1.0
2021-11-11,9.976816718949621e-48,1.0
2021-11-12,3.2273050835741216e-58,1.0
2021-11-15,2.8796086176036436e-53,1.0
2021-11-16,9.291418825105846e-51,1.0
2021-11-17,2.5978095204794183e-59,1.0
2021-11-18,2.891932052034467e-57,1.0
2021-11-19,2.22288347295417e-55,1.0
2021-11-22,6.757643486146649e-58,1.0
2021-11-23,4.389161024882028e-48,1.0
2021-11-24,3.3950076312469036e-57,1.0
