portfolio,decision_state,sessions,mean_daily_net,daily_volatility
buy_hold,1,54,-0.0016013538034209726,0.034876516286672585
buy_hold,2,269,-0.0008847415741069264,0.008144312957155413
buy_hold,3,23,-0.0014067865234129245,0.004582884637578074
fixed_60_40,1,54,-0.0010458012653383486,0.021259709767578974
fixed_60_40,2,269,-0.0005414471275321738,0.005133422854527079
fixed_60_40,3,23,-0.0009472932801060579,0.0031115427453552117
regime,1,54,-0.0006282218517222019,0.012091727034907832
regime,2,269,-0.0005496390198383102,0.005151801553181653
regime,3,23,-0.0011705725338464381,0.0038008806563079697
