date,entropy,confidence
2015-03-26,1.8652026779429297e-10,0.9999999999930118
2015-03-27,0.00024692854995018667,0.999980220499272
2015-03-30,0.0003136401213300514,0.999973300336903
2015-03-31,0.0020419474330539106,0.9997836604560264
2015-04-01,0.0014665181682267565,0.9998504772221477
2015-04-02,0.051794313213194276,0.9909062744623123
2015-04-03,0.006445234447598698,0.9992082950903104
2015-04-06,0.0038572031189410237,0.9995583337550948
2015-04-07,0.002845386685495712,0.9996863073136462
2015-04-08,0.6714984654315538,0.6036630020691789
2015-04-09,0.0014960614588511766,0.9998471187151828
2015-04-10,4.3454225209693724e-07,0.9999999766004637
2015-04-13,2.4267197452379187e-10,0.9999999999907914
2015-04-14,2.9630273849549573e-10,0.9999999999886882
2015-04-15,1.767223974630749e-11,0.9999999999993747
2015-04-16,6.519683537253325e-11,0.9999999999976694
2015-04-17,4.654659160006448e-11,0.9999999999983515
2015-04-20,2.339790320130898e-12,0.9999999999999432
2015-04-21,2.443317421237423e-12,0.9999999999999432
2015-04-22,2.0200420189807205e-12,0.9999999999999432
2015-04-23,1.1985919132489096e-11,0.9999999999996021
2015-04-24,3.2513457876118417e-12,0.9999999999998863
2015-04-27,2.443650085264965e-12,0.9999999999999432
2015-04-28,1.9388266061836314e-09,0.9999999999200782
2015-04-29,2.971515978695166e-10,0.999999999988745
2015-04-30,2.76415881091442e-07,0.9999999854894669
2015-05-01,3.833832362880612e-12,0.9999999999998863
2015-05-04,8.807167782392874e-10,0.9999999999648708
2015-05-05,2.163568174941384e-10,0.9999999999919282
2015-05-06,1.1391787451107288e-11,0.9999999999996589
2015-05-07,8.108067706796833e-11,0.9999999999970441
2015-05-08,6.163551363888824e-08,0.9999999970165163
2015-05-11,1.5579272092453863e-09,0.9999999999381544
2015-05-12,1.8050184026201233e-09,0.9999999999257625
2015-05-13,1.364527118535449e-09,0.9999999999445208
2015-05-14,1.7610702135951597e-09,0.9999999999276952
2015-05-15,2.7022926115836e-08,0.9999999987803676
2015-05-18,4.9037913626419935e-08,0.9999999976564595
2015-05-19,1.161976254924487e-07,0.9999999941790065
2015-05-20,3.196860349437629e-06,0.9999998057080763
2015-05-21,4.070188567387327e-05,0.9999970881738466
2015-05-22,5.4840226723694374e-05,0.9999959095368454
2015-05-25,7.865869939455218e-06,0.999999492308704
2015-05-26,1.635837870065072e-09,0.9999999999330385
2015-05-27,3.0591659298928187e-10,0.9999999999882903
2015-05-28,1.8760612404561095e-12,0.9999999999998863
2015-05-29,6.935465528567955e-12,0.9999999999997726
2015-06-01,2.9046764941834132e-11,0.9999999999989768
2015-06-02,2.848321156140495e-12,0.9999999999998863
2015-06-03,5.392729503864864e-10,0.9999999999789679
2015-06-04,2.2358581242473024e-09,0.9999999999072315
2015-06-05,1.0321808529824007e-08,0.9999999995413873
2015-06-08,1.9824981769141754e-08,0.9999999990914148
2015-06-09,4.7251824661637084e-09,0.99999999979741
2015-06-10,5.3890422627545346e-11,0.999999999998181
2015-06-11,2.2096838187436432e-11,0.9999999999993179
2015-06-12,7.164113865947647e-10,0.9999999999715783
2015-06-15,3.393710116827901e-11,0.9999999999988631
2015-06-16,5.655919496653125e-12,0.9999999999997726
2015-06-17,1.4800708521217294e-11,0.9999999999995453
2015-06-18,7.870918392621313e-13,1.0
2015-06-19,6.654414880613901e-12,0.9999999999997726
2015-06-22,8.88462061287168e-12,0.9999999999997726
2015-06-23,2.9547485181668814e-10,0.9999999999888587
2015-06-24,2.3158322063450802e-12,1.0
2015-06-25,1.240138690372988e-11,0.9999999999995453
2015-06-26,5.354235731156315e-12,0.9999999999997726
2015-06-29,2.813301929658685e-12,1.0
2015-06-30,7.733746897051037e-12,0.9999999999997726
2015-07-01,1.357281402859559e-12,1.0
2015-07-02,2.7347047397825697e-13,1.0
2015-07-03,8.872727744513447e-12,0.9999999999997726
2015-07-06,2.0357738099936348e-12,1.0
2015-07-07,2.586282143863175e-12,1.0
2015-07-08,7.472519007895449e-10,0.9999999999704414
2015-07-09,3.1600790130709172e-12,1.0
2015-07-10,4.548541240927107e-12,0.9999999999997726
2015-07-13,6.234636328841048e-11,0.9999999999977263
2015-07-14,1.204838755978328e-09,0.9999999999515694
2015-07-15,3.8414630165663925e-10,0.9999999999852207
2015-07-16,3.477992407773866e-09,0.9999999998535714
2015-07-17,9.445451220485198e-10,0.999999999962256
2015-07-20,2.0178079615404656e-09,0.9999999999165539
2015-07-21,4.103845657593158e-09,0.9999999998251496
2015-07-22,1.4649774064781883e-08,0.9999999993585789
2015-07-23,1.1268076242409287e-10,0.9999999999959073
2015-07-24,1.2574717041419306e-11,0.9999999999995453
2015-07-27,1.4733206240163648e-11,0.9999999999995453
2015-07-28,2.456682086698773e-12,1.0
2015-07-29,5.832205264002131e-12,0.9999999999997726
2015-07-30,9.046245091720595e-12,0.9999999999997726
2015-07-31,1.8842125787266794e-11,0.9999999999993179
2015-08-03,1.3810190413639105e-10,0.9999999999949978
2015-08-04,3.2107842096372178e-12,1.0
2015-08-05,9.455250103081983e-12,0.9999999999997726
2015-08-06,1.506588155800771e-10,0.9999999999943157
2015-08-07,3.440883027201152e-11,0.9999999999988631
2015-08-10,2.7956073910288665e-11,0.9999999999990905
2015-08-11,4.4893525857240904e-11,0.9999999999984084
2015-08-12,1.5943070831694053e-11,0.9999999999995453
2015-08-13,5.260125387531675e-09,0.9999999997733084
2015-08-14,3.474832736747607e-10,0.999999999986585
2015-08-17,2.7155772819212215e-13,1.0
2015-08-18,9.854049853211359e-14,1.0
2015-08-19,1.2967869174368823e-14,1.0
2015-08-20,1.2149430359597019e-13,1.0
2015-08-21,1.5180942219951204e-13,1.0
2015-08-24,2.234938248609407e-13,1.0
2015-08-25,3.0554986434249736e-12,1.0
2015-08-26,1.8981619082268717e-13,1.0
2015-08-27,4.62051075334401e-13,1.0
2015-08-28,3.4439760124454103e-09,0.9999999998544808
2015-08-31,6.506584694656161e-12,1.0
2015-09-01,5.45720593602316e-13,1.0
2015-09-02,5.025996872347604e-12,1.0
2015-09-03,1.3627208074314388e-12,1.0
2015-09-04,2.705576673398246e-12,1.0
2015-09-07,1.3309510995584637e-11,0.9999999999995453
2015-09-08,2.3060430220826837e-12,1.0
2015-09-09,8.896516780936776e-14,1.0
2015-09-10,3.480128412550584e-13,1.0
2015-09-11,3.5702272938755474e-12,1.0
2015-09-14,4.005868089055256e-11,0.9999999999986358
2015-09-15,1.1744714716561935e-11,0.9999999999995453
2015-09-16,8.391973170268694e-11,0.9999999999968168
2015-09-17,1.487737678734939e-10,0.999999999994543
2015-09-18,1.096534540673827e-09,0.9999999999558895
2015-09-21,5.861659266943882e-10,0.9999999999772626
2015-09-22,2.3213797532761847e-12,1.0
2015-09-23,1.3885816885080553e-11,0.9999999999995453
2015-09-24,8.090235527657776e-11,0.9999999999972715
2015-09-25,2.1085826677671743e-10,0.9999999999922693
2015-09-28,8.878378187355889e-11,0.9999999999968168
2015-09-29,1.160067745176586e-10,0.9999999999959073
2015-09-30,6.031628574983139e-11,0.9999999999977263
2015-10-01,3.866540769812273e-10,0.9999999999854481
2015-10-02,1.4205217231320494e-10,0.999999999994543
2015-10-05,3.103152057295428e-09,0.9999999998694875
2015-10-06,6.610763536550699e-10,0.9999999999740794
2015-10-07,4.871040748396059e-10,0.9999999999809006
2015-10-08,9.69191444482597e-10,0.9999999999613465
2015-10-09,1.6694895581764058e-09,0.9999999999331521
2015-10-12,1.067603533801817e-07,0.9999999946976459
2015-10-13,2.8872390596868262e-05,0.9999979521388064
2015-10-14,9.297377177474231e-10,0.9999999999636202
2015-10-15,9.663450526515373e-12,0.9999999999995453
2015-10-16,2.775554492949531e-10,0.9999999999895408
2015-10-19,4.3143182057285785e-10,0.9999999999831743
2015-10-20,1.3536618114350984e-09,0.9999999999454303
2015-10-21,4.110576930124846e-11,0.9999999999986358
2015-10-22,8.061183285464784e-12,0.9999999999995453
2015-10-23,2.908291844104553e-12,1.0
2015-10-26,1.0103996209900812e-12,1.0
2015-10-27,3.863292531398966e-12,1.0
2015-10-28,9.20265244390325e-13,1.0
2015-10-29,7.829894633495795e-13,1.0
2015-10-30,9.40279598436854e-14,1.0
2015-11-02,7.74932631738733e-14,1.0
2015-11-03,1.623906529842195e-13,1.0
2015-11-04,4.087926839932901e-12,1.0
2015-11-05,3.827187162909976e-13,1.0
2015-11-06,1.1060665662701168e-11,0.9999999999995453
2015-11-09,5.594592669952836e-13,1.0
2015-11-10,4.19970950538451e-13,1.0
2015-11-11,1.785548094075227e-12,1.0
2015-11-12,8.49671666419585e-13,1.0
2015-11-13,1.0362784087425418e-13,1.0
2015-11-16,2.7427968233756017e-14,1.0
2015-11-17,9.481461962043847e-14,1.0
2015-11-18,4.153698374753014e-14,1.0
2015-11-19,7.52538144640458e-15,1.0
2015-11-20,1.285181073591537e-13,1.0
2015-11-23,3.8854212198910904e-14,1.0
2015-11-24,1.19492436929093e-14,1.0
2015-11-25,1.0795473390660674e-14,1.0
2015-11-26,7.889297851027316e-15,1.0
2015-11-27,1.9303330807206447e-15,1.0
2015-11-30,2.4164291618338487e-16,1.0
2015-12-01,4.1751740129458715e-14,1.0
2015-12-02,6.28628538473558e-15,1.0
2015-12-03,6.818086617463059e-16,1.0
2015-12-04,8.472322682473418e-16,1.0
2015-12-07,7.221278793196299e-18,1.0
2015-12-08,5.376149925718132e-16,1.0
2015-12-09,8.274707243324373e-18,1.0
2015-12-10,3.1951398292921426e-15,1.0
2015-12-11,5.94335590616338e-14,1.0
2015-12-14,4.195828650297249e-14,1.0
2015-12-15,1.8767730655113704e-14,1.0
2015-12-16,1.0543065143510884e-14,1.0
2015-12-17,1.0923879646031118e-15,1.0
2015-12-18,1.1790378884606284e-15,1.0
2015-12-21,1.9921442642506543e-13,1.0
2015-12-22,5.851944541748224e-13,1.0
2015-12-23,9.252274253618125e-12,0.9999999999995453
2015-12-24,1.1086619884940477e-10,0.9999999999959073
2015-12-25,1.8167287805754528e-14,1.0
2015-12-28,1.2649134394675837e-14,1.0
2015-12-29,5.4543125890574806e-14,1.0
2015-12-30,4.94704942104702e-13,1.0
2015-12-31,4.1279433603479706e-10,0.9999999999840838
2016-01-01,3.286123388696265e-12,1.0
2016-01-04,1.3043560745596556e-11,0.9999999999995453
2016-01-05,4.674349646178515e-13,1.0
2016-01-06,4.699688452288789e-12,1.0
2016-01-07,3.6398655328505666e-11,0.9999999999986358
2016-01-08,7.963519258632028e-13,1.0
2016-01-11,1.3339282188094121e-11,0.9999999999995453
2016-01-12,2.337679950390849e-07,0.9999999878405107
2016-01-13,1.0212100457018549e-06,0.9999999421961564
2016-01-14,1.5802184457431414e-05,0.9999989284125433
2016-01-15,2.064669922059416e-10,0.9999999999922693
2016-01-18,1.689395919491932e-13,1.0
2016-01-19,4.098178903221681e-14,1.0
2016-01-20,5.339870557500517e-13,1.0
2016-01-21,6.707058234572855e-16,1.0
2016-01-22,1.6882309819662339e-15,1.0
2016-01-25,1.4462935170739468e-14,1.0
2016-01-26,1.0942759931607138e-15,1.0
2016-01-27,1.5792395856101902e-17,1.0
2016-01-28,9.850163328242834e-16,1.0
2016-01-29,4.238266566689432e-15,1.0
2016-02-01,3.1486439565259226e-14,1.0
2016-02-02,2.2538017405017837e-12,1.0
2016-02-03,8.057329187323317e-14,1.0
2016-02-04,1.3941825070595708e-13,1.0
2016-02-05,2.1433307351480443e-12,1.0
2016-02-08,7.929917465390546e-12,1.0
2016-02-09,8.466555979777612e-12,1.0
2016-02-10,2.763489685655117e-10,0.9999999999899956
2016-02-11,9.810542722241075e-12,1.0
2016-02-12,1.4652357916115054e-12,1.0
2016-02-15,3.0676436152978325e-11,0.9999999999990905
2016-02-16,4.667536385672428e-10,0.9999999999818101
2016-02-17,2.973457916304239e-10,0.9999999999890861
2016-02-18,2.7168879909077663e-09,0.9999999998863132
2016-02-19,7.923935487231448e-21,1.0
2016-02-22,1.6502507819226362e-10,0.9999999999936335
2016-02-23,3.1356007145852854e-10,0.9999999999881766
2016-02-24,3.160033811306238e-10,0.9999999999881766
2016-02-25,6.299017921094567e-08,0.9999999969431883
2016-02-26,5.095810684211353e-08,0.9999999975534593
2016-02-29,5.747945027933565e-08,0.9999999972233127
2016-03-01,2.071163404362893e-06,0.9999998775592832
2016-03-02,8.738638453404703e-07,0.9999999509927887
2016-03-03,1.9900409545240144e-05,0.9999986274479267
2016-03-04,2.4551626313395355e-05,0.9999982798686929
2016-03-07,0.00011872347683900073,0.9999905550312566
2016-03-08,0.00036883337357465634,0.9999674545063671
2016-03-09,0.0008006242676231001,0.9999236009225466
2016-03-10,0.0003584089573820219,0.9999684618440633
2016-03-11,7.550319122730927e-05,0.9999942191701592
2016-03-14,0.00015751416421549936,0.9999871548477216
2016-03-15,0.0015850362248984683,0.9998369538410087
2016-03-16,0.001292734612141202,0.9998700551885038
2016-03-17,0.004966207686262954,0.9994114116690017
2016-03-18,0.0005837975714685286,0.9999460848049367
2016-03-21,0.001866073915923706,0.9998043790588359
2016-03-22,0.00025698354075148446,0.9999780889865519
2016-03-23,0.0005176015806498858,0.9999527761074631
2016-03-24,0.000258382988924871,0.999977958508762
2016-03-25,0.0030624187169923578,0.999659117782834
2016-03-28,0.00028371803109479495,0.9999755842097617
2016-03-29,0.00012435154575630677,0.9999900675268109
2016-03-30,0.00016255308617581712,0.9999867067555428
2016-03-31,0.00033045690976392795,0.9999711474435244
2016-04-01,7.498915470138968e-05,0.999994261777012
2016-04-04,9.903593804568688e-05,0.9999922427442304
2016-04-05,1.6363116561491784e-05,0.9999988875394413
2016-04-06,4.698318575056684e-05,0.9999965387028955
2016-04-07,0.00023939568204952715,0.9999797225228116
2016-04-08,3.893019620070773e-05,0.9999971742039542
2016-04-11,1.5233154928063039e-05,0.999998969736756
2016-04-12,7.013758161888613e-07,0.9999999611727625
2016-04-13,1.1653724812690972e-06,0.9999999335068446
2016-04-14,5.595076093680882e-05,0.9999958199483497
2016-04-15,8.456532711073348e-06,0.999999451443878
2016-04-18,8.780574173333648e-05,0.9999931919842137
2016-04-19,1.0477276979374759e-05,0.9999993101030319
2016-04-20,6.740166574511373e-07,0.9999999627743825
2016-04-21,0.00023640202563722062,0.9999799993847035
2016-04-22,0.001421689621413189,0.9998555568091609
2016-04-25,0.00020523380615467495,0.9999828601862695
2016-04-26,0.024155652930202866,0.9963455837522647
2016-04-27,0.002214896888996414,0.9997630504085252
2016-04-28,0.0003696481803530316,0.9999673756411945
2016-04-29,0.0001069940451517689,0.9999915639765499
2016-05-02,0.4257834319986351,0.8482205002675203
2016-05-03,0.22113285295687865,0.9421060639100614
2016-05-04,0.0011078553923887344,0.9998905255798592
2016-05-05,0.012683198770414225,0.9982774638392972
2016-05-06,0.31173470272481835,0.9059828991014028
2016-05-09,0.1139715394727291,0.9757976178323773
2016-05-10,7.930378478795458e-06,0.9999994878554791
2016-05-11,4.776874106965039e-07,0.999999974137609
2016-05-12,7.929568857374202e-05,0.9999939040266594
2016-05-13,7.112534678257154e-05,0.9999945811861315
2016-05-16,1.826704507672752e-05,0.9999987480440374
2016-05-17,3.0265683697653324e-05,0.9999978455476155
2016-05-18,1.1852384836830086e-05,0.9999992127107732
2016-05-19,1.408099887460151e-05,0.9999990530618497
2016-05-20,3.519093994797966e-05,0.9999974656471122
2016-05-23,9.173173206310841e-06,0.9999994015790407
2016-05-24,4.030585651668501e-06,0.9999997513068901
2016-05-25,4.172181940753792e-06,0.9999997419836624
2016-05-26,9.404832537341236e-06,0.9999993853973207
2016-05-27,1.6598177405886994e-05,0.9999988703827526
2016-05-30,2.8837427795163503e-06,0.9999998258990823
2016-05-31,7.455959584803796e-06,0.9999995205354265
2016-06-01,9.553125583237092e-06,0.9999993750227211
2016-06-02,6.356484637029452e-06,0.9999995956696601
2016-06-03,1.893039991158817e-05,0.9999986991651261
2016-06-06,8.456565490113769e-06,0.9999994514411495
2016-06-07,3.266118207393947e-06,0.9999998012235862
2016-06-08,1.2172654776201418e-05,0.9999991898997548
2016-06-09,6.454552883326492e-06,0.9999995890048857
2016-06-10,7.192042995496263e-06,0.9999995386498239
2016-06-13,5.993889581053767e-06,0.9999996202496543
2016-06-14,1.8940754077867713e-05,0.9999986984011515
2016-06-15,7.599480532123725e-06,0.9999995106646853
2016-06-16,6.444040829492395e-06,0.9999995897197482
2016-06-17,9.564035088601489e-05,0.9999925308554066
2016-06-20,0.00015074807669318989,0.9999877543463661
2016-06-21,0.00024014261495102174,0.9999796533898857
2016-06-22,1.047311004739435e-36,1.0
2016-06-23,0.14996902953543492,0.9656447229045578
2016-06-24,0.004042989688815478,0.9995337620420158
2016-06-27,7.057500827932641e-08,0.9999999965548341
2016-06-28,2.8704436295151556e-13,1.0
2016-06-29,9.476912499405329e-05,0.99999260463034
2016-06-30,2.665401040153603e-13,1.0
2016-07-01,1.4060386545690584e-10,0.999999999994543
2016-07-04,3.9766152174176024e-19,1.0
2016-07-05,7.099022059955154e-16,1.0
2016-07-06,5.971313639607136e-11,0.999999999998181
2016-07-07,1.0592940708880231e-12,1.0
2016-07-08,2.9014952868685237e-11,0.9999999999990905
2016-07-11,4.0747364710194694e-13,1.0
2016-07-12,1.5750325816519162e-12,1.0
2016-07-13,6.771788005387774e-12,1.0
2016-07-14,1.2427578257821953e-24,1.0
2016-07-15,5.952299059172782e-16,1.0
2016-07-18,6.721712990908911e-18,1.0
2016-07-19,1.2357154527547517e-23,1.0
2016-07-20,5.8651226913346186e-12,1.0
2016-07-21,9.34207437720766e-09,0.9999999995870894
2016-07-22,6.0797963673387364e-09,0.9999999997362465
2016-07-25,1.7826505029785612e-39,1.0
2016-07-26,0.0010759299660070484,0.9998940201041021
2016-07-27,3.457213635856651e-08,0.9999999983720045
2016-07-28,8.786992863517484e-13,1.0
2016-07-29,8.324293410163272e-11,0.9999999999972715
2016-08-01,1.1766863258423124e-11,1.0
2016-08-02,7.919751402518652e-12,1.0
2016-08-03,1.0468797918984646e-12,1.0
2016-08-04,1.5835422130453064e-06,0.999999907938222
2016-08-05,2.1445591173837187e-11,0.9999999999990905
2016-08-08,9.515062509230919e-07,0.9999999463680084
2016-08-09,1.4144715117799817e-09,0.9999999999427018
2016-08-10,8.50637024299495e-09,0.9999999996252882
2016-08-11,1.7660594708315056e-10,0.9999999999936335
2016-08-12,1.2023686774767602e-08,0.9999999994633981
2016-08-15,5.097489648527546e-14,1.0
2016-08-16,1.1149553261822926e-12,1.0
2016-08-17,4.694970073467311e-12,1.0
2016-08-18,6.506070085549498e-12,1.0
2016-08-19,3.684159458298636e-10,0.9999999999854481
2016-08-22,3.6898103858834647e-10,0.9999999999854481
2016-08-23,8.150429239375673e-10,0.9999999999672582
2016-08-24,2.2308936968653214e-08,0.9999999989713615
2016-08-25,6.230469519467397e-07,0.9999999657466111
2016-08-26,2.866427999135381e-05,0.9999979680217347
2016-08-29,9.87701425731997e-06,0.9999993525018276
2016-08-30,0.0011973348509755352,0.9998806666393589
2016-08-31,0.41562185763079906,0.8540484654220184
2016-09-01,0.6720676742820395,0.6023009518072346
2016-09-02,0.3024065729091858,0.9100567205061402
2016-09-05,0.2705806778602986,0.9233217100708678
2016-09-06,0.170173952361701,0.9592963569443934
2016-09-07,0.03997431495204883,0.9933481824342703
2016-09-08,0.009039274988439299,0.9988342094707006
2016-09-09,0.00394872641162372,0.9995459735328
2016-09-12,0.004750771497196326,0.9994402834301992
2016-09-13,0.0004927418284689386,0.9999552652227106
2016-09-14,4.673395051067029e-06,0.9999997088098522
2016-09-15,7.589570972757361e-08,0.9999999962819857
2016-09-16,4.256177750314839e-09,0.99999999981992
2016-09-19,6.911208730157288e-10,0.9999999999727152
2016-09-20,5.964638259909704e-10,0.9999999999763531
2016-09-21,1.116713390890686e-09,0.9999999999563443
2016-09-22,4.557977225696812e-08,0.9999999978308551
2016-09-23,1.935473923595772e-10,0.999999999992724
2016-09-26,3.741421438416603e-11,0.9999999999990905
2016-09-27,5.962826663579109e-19,1.0
2016-09-28,1.8075254237851788e-10,0.9999999999936335
2016-09-29,2.02341720330688e-10,0.999999999992724
2016-09-30,4.5538637649487e-07,0.9999999754127206
2016-10-03,1.7699942757787112e-08,0.9999999991932782
2016-10-04,4.209939753327858e-07,0.9999999773708625
2016-10-05,8.074885652447838e-11,0.9999999999972715
2016-10-06,3.16283795767152e-08,0.9999999985175236
2016-10-07,4.727522161117279e-10,0.9999999999818101
2016-10-10,8.364685311082929e-08,0.9999999958808985
2016-10-11,9.52050296707599e-07,0.9999999463343571
2016-10-12,8.264626875686198e-06,0.9999994647443213
2016-10-13,5.03362406726932e-09,0.9999999997835403
2016-10-14,5.295540564894361e-07,0.9999999711599235
2016-10-17,1.4969150668538218e-07,0.9999999923993528
2016-10-18,1.8114758262029873e-06,0.9999998938046758
2016-10-19,3.294407348618663e-06,0.9999997993891357
2016-10-20,3.155720853086223e-05,0.9999977463929027
2016-10-21,0.00026764038014203344,0.9999770935896443
2016-10-24,5.982396891201829e-10,0.9999999999763531
2016-10-25,1.6690485914637137e-09,0.9999999999317879
2016-10-26,1.9334299198229805e-07,0.99999999004649
2016-10-27,1.9102759245633505e-08,0.9999999991259756
2016-10-28,1.9665908812712569e-07,0.99999998986641
2016-10-31,1.0366846937555366e-05,0.9999993178837537
2016-11-01,8.611870898316382e-07,0.9999999517458502
2016-11-02,7.171512518454593e-08,0.9999999964966264
2016-11-03,2.6628569251842294e-07,0.9999999860492609
2016-11-04,1.0588290941267742e-08,0.9999999995288817
2016-11-07,2.5806371112208107e-09,0.9999999998926796
2016-11-08,4.905947745185243e-12,1.0
2016-11-09,1.0109910006239215e-12,1.0
2016-11-10,8.988855645160881e-13,1.0
2016-11-11,1.0390205698372421e-08,0.9999999995379767
2016-11-14,7.123988996387797e-10,0.9999999999718057
2016-11-15,2.2990561427071616e-14,1.0
2016-11-16,6.158718522517395e-10,0.9999999999754436
2016-11-17,1.8109712350466922e-08,0.9999999991732693
2016-11-18,2.805038088984777e-06,0.9999998309513246
2016-11-21,4.486858105445268e-06,0.9999997211871621
2016-11-22,1.3764383723579418e-05,0.999999075869227
2016-11-23,0.0007683098072747989,0.9999270017066504
2016-11-24,1.8215445309365792e-06,0.999999893178034
2016-11-25,0.0005183709465807113,0.9999526988595437
2016-11-28,6.861663944693816e-05,0.9999947877503796
2016-11-29,5.998511356877246e-06,0.9999996199367882
2016-11-30,1.0296231101110187e-05,0.9999993228559579
2016-12-01,1.8900786584747823e-09,0.9999999999217835
2016-12-02,1.0689528926732295e-06,0.9999999393257912
2016-12-05,3.053807533660752e-09,0.9999999998708518
2016-12-06,7.960085907868244e-08,0.9999999960909918
2016-12-07,1.3240081075929354e-08,0.9999999994051905
2016-12-08,6.339157898698092e-12,1.0
2016-12-09,1.0754346915151692e-07,0.9999999946339813
2016-12-12,1.5113020660398197e-11,1.0
2016-12-13,4.4672425969271426e-08,0.9999999978699634
2016-12-14,6.3803887726266585e-09,0.9999999997235136
2016-12-15,2.0026834587087815e-09,0.9999999999181455
2016-12-16,9.693707723294288e-08,0.999999995190592
2016-12-19,8.088717790632849e-07,0.999999954845408
2016-12-20,3.4785865000607203e-10,0.9999999999872671
2016-12-21,6.5375272241612775e-09,0.9999999997162377
2016-12-22,3.2131146694212115e-08,0.9999999984920578
2016-12-23,3.4053241442761327e-09,0.9999999998562998
2016-12-26,3.3250584444578964e-07,0.9999999823630789
2016-12-27,4.684727494184773e-09,0.9999999997999112
2016-12-28,3.4520933849988697e-10,0.9999999999872671
2016-12-29,2.839794102122107e-07,0.9999999850697351
2016-12-30,2.429817905552617e-08,0.9999999988758645
2017-01-02,7.545134758697944e-08,0.9999999963038135
2017-01-03,3.971869009141715e-07,0.9999999787214622
2017-01-04,2.936600767824332e-07,0.9999999845313142
2017-01-05,1.894259231064534e-07,0.9999999902593117
2017-01-06,2.2535717459464583e-06,0.9999998660660002
2017-01-09,1.7894515724736664e-06,0.9999998951752841
2017-01-10,1.3031527395891314e-06,0.9999999251394939
2017-01-11,4.90151312402724e-07,0.9999999734245651
2017-01-12,5.952520954243234e-09,0.9999999997417035
2017-01-13,2.1614899366018586e-07,0.9999999888059392
2017-01-16,2.5890682219416346e-10,0.999999999990905
2017-01-17,2.4372263260290223e-08,0.9999999988722266
2017-01-18,6.1138597473626e-10,0.9999999999763531
2017-01-19,1.6786417463582862e-08,0.9999999992360245
2017-01-20,1.1104123362784005e-22,1.0
2017-01-23,0.006870157084910589,0.9991484741715883
2017-01-24,4.912258272105161e-06,0.9999996929091611
2017-01-25,9.388309012782003e-15,1.0
2017-01-26,2.2768962873803537e-08,0.9999999989486241
2017-01-27,3.037815715074148e-08,0.9999999985793693
2017-01-30,1.1195541983982428e-08,0.9999999994997779
2017-01-31,2.363007837897421e-10,0.999999999990905
2017-02-01,1.1430239486876569e-06,0.9999999348583536
2017-02-02,2.5042162930055198e-05,0.9999982428814268
2017-02-03,5.168119570258295e-06,0.999999675816123
2017-02-06,6.219769277161654e-07,0.9999999658084567
2017-02-07,1.945659006005731e-05,0.9999986602970118
2017-02-08,1.8844930890853114e-05,0.9999987054715541
2017-02-09,2.2285592113827163e-06,0.9999998676448828
2017-02-10,6.604609467076348e-06,0.9999995787912644
2017-02-13,6.360042668472341e-06,0.9999995954277346
2017-02-14,4.4348718448686095e-10,0.9999999999836291
2017-02-15,1.1344675028734292e-10,0.999999999996362
2017-02-16,1.0498276374478083e-07,0.9999999947685865
2017-02-17,5.178449349419276e-08,0.9999999975116225
2017-02-20,1.0717153950935941e-14,1.0
2017-02-21,1.1987911333547212e-09,0.9999999999508873
2017-02-22,6.707603279834556e-13,1.0
2017-02-23,3.2905089425626493e-09,0.9999999998617568
2017-02-24,2.406579579968187e-10,0.999999999990905
2017-02-27,1.0820681537513553e-06,0.9999999385363499
2017-02-28,3.140040170427225e-07,0.9999999833980838
2017-03-01,3.087243901333784e-05,0.999997799007054
2017-03-02,4.230426736320214e-08,0.9999999979881977
2017-03-03,5.099416865306362e-07,0.9999999722876968
2017-03-06,8.495321729334427e-15,1.0
2017-03-07,7.626531422116458e-13,1.0
2017-03-08,1.1648107327075075e-13,1.0
2017-03-09,1.8850211443904688e-14,1.0
2017-03-10,7.116634980053558e-21,1.0
2017-03-13,9.664677183089918e-18,1.0
2017-03-14,2.0884178571487165e-16,1.0
2017-03-15,9.219903870696816e-15,1.0
2017-03-16,2.0550469635869514e-17,1.0
2017-03-17,9.36296004151593e-18,1.0
2017-03-20,7.139459118684675e-15,1.0
2017-03-21,1.3314157533173278e-12,1.0
2017-03-22,1.3151067936613182e-12,1.0
2017-03-23,1.59025042248541e-11,1.0
2017-03-24,1.90546285540451e-14,1.0
2017-03-27,1.8022464378592063e-13,1.0
2017-03-28,4.093071294584472e-12,1.0
2017-03-29,6.486816843154201e-14,1.0
2017-03-30,6.719824957710061e-12,1.0
2017-03-31,4.873437244023588e-14,1.0
2017-04-03,3.7200229051871415e-13,1.0
2017-04-04,1.5512042078285315e-12,1.0
2017-04-05,1.766156773622613e-13,1.0
2017-04-06,4.1702027424402064e-15,1.0
2017-04-07,1.315137701595144e-12,1.0
2017-04-10,1.5224992690496868e-11,1.0
2017-04-11,1.3637541270900367e-12,1.0
2017-04-12,8.47882528697778e-11,0.999999999996362
2017-04-13,4.412980546349753e-10,0.9999999999836291
2017-04-14,5.0088373180647285e-09,0.9999999997853593
2017-04-17,1.148559203975517e-09,0.9999999999545253
2017-04-18,5.055189038988871e-10,0.9999999999799911
2017-04-19,2.533894904618086e-10,0.999999999990905
2017-04-20,7.292417852310674e-10,0.9999999999708962
2017-04-21,3.212296739208626e-11,0.999999999998181
2017-04-24,4.115399648124919e-13,1.0
2017-04-25,3.668137513140254e-12,1.0
2017-04-26,3.981840265087409e-12,1.0
2017-04-27,2.3448778126776243e-11,1.0
2017-04-28,1.7465349034825314e-11,1.0
2017-05-01,1.42040308624767e-10,0.999999999994543
2017-05-02,4.9505078674876306e-11,0.999999999998181
2017-05-03,5.179417107016648e-11,0.999999999998181
2017-05-04,8.456384745364376e-12,1.0
2017-05-05,1.0081525834923965e-12,1.0
2017-05-08,5.804236297525804e-13,1.0
2017-05-09,3.569664247628264e-11,0.999999999998181
2017-05-10,1.737914371428037e-11,1.0
2017-05-11,5.247646804046428e-12,1.0
2017-05-12,2.8345428156318345e-11,0.999999999998181
2017-05-15,3.3884765808855336e-10,0.9999999999872671
2017-05-16,1.1274991778802822e-10,0.999999999996362
2017-05-17,5.091969535372985e-10,0.9999999999799911
2017-05-18,1.780710257900761e-10,0.999999999992724
2017-05-19,4.632960926297863e-11,0.999999999998181
2017-05-22,6.023250642278078e-11,0.999999999998181
2017-05-23,1.4252051010410907e-10,0.999999999994543
2017-05-24,1.9605385585102753e-10,0.999999999992724
2017-05-25,6.292903760942526e-10,0.9999999999745341
2017-05-26,1.0243591705399734e-09,0.9999999999581632
2017-05-29,1.0426948004323677e-06,0.999999940904674
2017-05-30,1.9611189424109923e-06,0.9999998844614377
2017-05-31,1.2666580464523753e-05,0.9999991546304889
2017-06-01,2.5495803957386744e-06,0.9999998472812993
2017-06-02,1.2035921398816724e-05,0.9999991996431637
2017-06-05,1.6608623786145703e-05,0.9999988696205968
2017-06-06,5.5520530889465646e-05,0.9999958546736224
2017-06-07,1.943729894825939e-05,0.9999986617230976
2017-06-08,1.9582467706262774e-05,0.9999986509856176
2017-06-09,3.3490087299190615e-05,0.9999975973725427
2017-06-12,2.4615474142691645e-06,0.9999998528837858
2017-06-13,8.241032598920636e-07,0.9999999539431893
2017-06-14,1.885655275479e-06,0.9999998891798957
2017-06-15,3.2862151655849743e-06,0.9999997999202805
2017-06-16,1.4177619414494092e-05,0.9999990460933079
2017-06-19,3.3300972539317216e-05,0.9999976119862686
2017-06-20,4.683535705840445e-06,0.9999997081359168
2017-06-21,5.810749015692939e-06,0.9999996326242346
2017-06-22,2.4705843724127335e-06,0.9999998523089852
2017-06-23,1.3114677042739278e-07,0.9999999933879735
2017-06-26,3.126176483343232e-08,0.9999999985357135
2017-06-27,2.9803392258876494e-08,0.9999999986066541
2017-06-28,1.1532323267044643e-07,0.9999999942247086
2017-06-29,7.539589786817925e-08,0.9999999963074515
2017-06-30,7.165375956226922e-07,0.9999999602841861
2017-07-03,2.278617895875534e-07,0.9999999881638361
2017-07-04,1.273182699398262e-06,0.9999999269639401
2017-07-05,2.138900213196575e-06,0.9999998732983011
2017-07-06,3.70409469514006e-06,0.9999997727136619
2017-07-07,4.58631994936373e-07,0.9999999752271836
2017-07-10,1.6532996819310524e-08,0.9999999992487574
2017-07-11,1.4841396655745023e-07,0.9999999924675649
2017-07-12,8.41268558742807e-07,0.9999999529263743
2017-07-13,1.4116004286454056e-12,1.0
2017-07-14,1.735124104034513e-10,0.999999999992724
2017-07-17,2.8365412596600154e-07,0.999999985087925
2017-07-18,7.025215733296735e-10,0.9999999999727152
2017-07-19,4.418573435794274e-06,0.9999997257091685
2017-07-20,3.919441838841196e-18,1.0
2017-07-21,0.01663893062212696,0.9976390314147824
2017-07-24,0.00031455899383252967,0.9999726644135115
2017-07-25,2.0528485792108178e-13,1.0
2017-07-26,4.880167485397377e-10,0.9999999999818101
2017-07-27,1.1360232875678395e-08,0.999999999492502
2017-07-28,6.05378200768803e-08,0.9999999970677891
2017-07-31,1.662204701942953e-30,1.0
2017-08-01,9.262050052558489e-22,1.0
2017-08-02,7.150619373168079e-18,1.0
2017-08-03,6.4716038076396175e-21,1.0
2017-08-04,2.87993368879631e-24,1.0
2017-08-07,1.7005520317413216e-23,1.0
2017-08-08,3.281195551065938e-14,1.0
2017-08-09,3.022134747857435e-22,1.0
2017-08-10,6.127075674837951e-22,1.0
2017-08-11,1.1429098297507186e-13,1.0
2017-08-14,3.499679355486781e-10,0.9999999999872671
2017-08-15,2.6122762026586576e-10,0.999999999990905
2017-08-16,1.778979102470796e-10,0.999999999992724
2017-08-17,1.2894193375083724e-12,1.0
2017-08-18,4.217354146290202e-08,0.9999999979936547
2017-08-21,2.825086394073482e-11,0.999999999998181
2017-08-22,8.448869181847899e-15,1.0
2017-08-23,2.2898019630099663e-12,1.0
2017-08-24,1.63668936476248e-16,1.0
2017-08-25,9.048403134512124e-14,1.0
2017-08-28,2.2020529852304718e-14,1.0
2017-08-29,2.494638949404335e-15,1.0
2017-08-30,1.5816962290101298e-15,1.0
2017-08-31,1.605681778459105e-12,1.0
2017-09-01,1.8909594037267778e-10,0.999999999992724
2017-09-04,1.3157733531490304e-14,1.0
2017-09-05,1.684021450263606e-10,0.999999999994543
2017-09-06,1.3215021840682393e-10,0.999999999994543
2017-09-07,2.0161216784002657e-09,0.9999999999181455
2017-09-08,7.456623339913313e-12,1.0
2017-09-11,3.5608884821729097e-12,1.0
2017-09-12,4.4190345629050664e-09,0.9999999998108251
2017-09-13,3.6481527048803785e-14,1.0
2017-09-14,2.9706250736286525e-10,0.9999999999890861
2017-09-15,3.020870888091308e-10,0.9999999999890861
2017-09-18,1.8917885393765888e-13,1.0
2017-09-19,5.053907362940299e-14,1.0
2017-09-20,6.807493677780828e-12,1.0
2017-09-21,4.056964624256216e-11,0.999999999998181
2017-09-22,2.679914026536692e-10,0.9999999999890861
2017-09-25,7.768802657994388e-10,0.9999999999690772
2017-09-26,1.7912336348548397e-10,0.999999999992724
2017-09-27,1.2032305820564868e-07,0.9999999939627742
2017-09-28,7.542729888428096e-13,1.0
2017-09-29,2.2578993393468016e-13,1.0
2017-10-02,9.429968938445165e-14,1.0
2017-10-03,1.0508386789107991e-08,0.9999999995325197
2017-10-04,3.923006165527066e-09,0.999999999832653
2017-10-05,7.267104560633267e-10,0.9999999999708962
2017-10-06,7.0911415367498264e-12,1.0
2017-10-09,1.1076586845171117e-14,1.0
2017-10-10,7.089218144591343e-15,1.0
2017-10-11,1.7808140786680154e-10,0.999999999992724
2017-10-12,4.999364641074869e-14,1.0
2017-10-13,2.8618461286471313e-16,1.0
2017-10-16,6.747780837730297e-10,0.9999999999727152
2017-10-17,1.7763984933122087e-11,1.0
2017-10-18,1.896583186732706e-18,1.0
2017-10-19,1.2038520910544964e-09,0.9999999999508873
2017-10-20,2.5154411903702005e-07,0.9999999868632586
2017-10-23,6.564050923354247e-13,1.0
2017-10-24,8.184462535539982e-15,1.0
2017-10-25,8.742688413098043e-17,1.0
2017-10-26,5.787397492689856e-20,1.0
2017-10-27,2.0390604674882515e-14,1.0
2017-10-30,2.205291969423583e-14,1.0
2017-10-31,1.647782314901222e-10,0.999999999994543
2017-11-01,1.233857334164395e-13,1.0
2017-11-02,4.553487147041865e-12,1.0
2017-11-03,6.378111912826805e-16,1.0
2017-11-06,4.231893808572969e-19,1.0
2017-11-07,4.429196493779896e-17,1.0
2017-11-08,6.872523626896928e-28,1.0
2017-11-09,5.435365394928066e-22,1.0
2017-11-10,4.379174138351621e-20,1.0
2017-11-13,2.2799485262370757e-15,1.0
2017-11-14,1.3613116905853197e-15,1.0
2017-11-15,2.602982889415171e-08,0.999999998790372
2017-11-16,8.349711239189943e-10,0.9999999999672582
2017-11-17,4.939500303855249e-16,1.0
2017-11-20,1.203980493480478e-12,1.0
2017-11-21,1.545496568906581e-14,1.0
2017-11-22,1.8236530379317409e-09,0.9999999999254214
2017-11-23,2.8575876282941443e-11,0.999999999998181
2017-11-24,1.164134318185826e-19,1.0
2017-11-27,2.0855838463356292e-17,1.0
2017-11-28,6.941886727827778e-16,1.0
2017-11-29,3.9886032677675807e-13,1.0
2017-11-30,8.222644317469658e-15,1.0
2017-12-01,1.0270435667555193e-07,0.9999999948886398
2017-12-04,3.911279785917154e-06,0.9999997591440041
2017-12-05,1.061353677913945e-07,0.9999999947085598
2017-12-06,4.601680404649294e-10,0.9999999999818101
2017-12-07,1.4038119488913147e-07,0.9999999928968464
2017-12-08,8.94245595970575e-11,0.999999999996362
2017-12-11,1.1303946140618764e-12,1.0
2017-12-12,4.553915362246516e-11,0.999999999998181
2017-12-13,9.229121584903465e-19,1.0
2017-12-14,2.1096040045413453e-14,1.0
2017-12-15,4.867756096509568e-09,0.9999999997908162
2017-12-18,1.8599125913308053e-16,1.0
2017-12-19,3.6457431252047625e-16,1.0
2017-12-20,1.6630670896794564e-15,1.0
2017-12-21,3.551834755482728e-17,1.0
2017-12-22,7.044690128780709e-75,1.0
2017-12-25,5.183050502562328e-60,1.0
2017-12-26,3.1024993693116827e-59,1.0
2017-12-27,6.894956201277041e-59,1.0
2017-12-28,7.568871846485915e-54,1.0
2017-12-29,1.3230102349811191e-50,1.0
2018-01-01,2.6270066130542313e-49,1.0
2018-01-02,3.809661685836887e-48,1.0
2018-01-03,1.9309230050604903e-48,1.0
2018-01-04,1.4552938223512446e-46,1.0
2018-01-05,1.2788278037267002e-50,1.0
2018-01-08,5.629008529684284e-50,1.0
2018-01-09,1.551285927122787e-48,1.0
2018-01-10,1.5650656696964864e-49,1.0
2018-01-11,2.2633818248504722e-50,1.0
2018-01-12,2.760799732822927e-49,1.0
2018-01-15,1.1361005726872092e-45,1.0
2018-01-16,6.167026828226276e-44,1.0
2018-01-17,1.2523748657296504e-42,1.0
2018-01-18,2.5548058118172027e-41,1.0
2018-01-19,9.210555177943947e-40,1.0
2018-01-22,3.324506747376661e-41,1.0
2018-01-23,1.926206878182192e-40,1.0
2018-01-24,3.464721585621781e-39,1.0
2018-01-25,2.1421722977317466e-40,1.0
2018-01-26,6.618153964611255e-42,1.0
2018-01-29,2.5786252876431554e-31,1.0
2018-01-30,5.357278740574317e-28,1.0
2018-01-31,6.233324038247219e-32,1.0
2018-02-01,1.24997552267969e-33,1.0
2018-02-02,4.893883026239321e-36,1.0
2018-02-05,7.862590397527597e-36,1.0
2018-02-06,2.7735800844593296e-30,1.0
2018-02-07,5.7583248857006915e-34,1.0
2018-02-08,8.852042113999359e-39,1.0
2018-02-09,2.497285831984788e-37,1.0
2018-02-12,2.0339242780563453e-37,1.0
2018-02-13,5.738413050325227e-37,1.0
2018-02-14,3.359581157677225e-36,1.0
2018-02-15,3.4811658771797767e-29,1.0
2018-02-16,1.74667222923627e-32,1.0
2018-02-19,2.5633404321526925e-34,1.0
2018-02-20,7.202212543547494e-30,1.0
2018-02-21,1.0797022165386333e-29,1.0
2018-02-22,8.281651432957068e-29,1.0
2018-02-23,2.150389726718407e-28,1.0
2018-02-26,9.919863114056914e-26,1.0
2018-02-27,5.364317012315684e-24,1.0
2018-02-28,1.448020384185592e-24,1.0
2018-03-01,9.458540810240822e-25,1.0
2018-03-02,9.9982439419906e-22,1.0
2018-03-05,3.1601176706330094e-21,1.0
2018-03-06,2.9045393137395355e-26,1.0
2018-03-07,4.259140729280286e-22,1.0
2018-03-08,1.9032971479667087e-25,1.0
2018-03-09,4.312058144399809e-27,1.0
2018-03-12,3.5745284778457296e-25,1.0
2018-03-13,1.194770325403085e-29,1.0
2018-03-14,7.3262271503215485e-22,1.0
2018-03-15,1.894550226570848e-22,1.0
2018-03-16,4.1771201214689366e-26,1.0
2018-03-19,1.1080519842162133e-23,1.0
2018-03-20,1.7167908217676963e-23,1.0
2018-03-21,4.3675745101670274e-24,1.0
2018-03-22,7.698816193344996e-24,1.0
2018-03-23,1.1386402405211007e-22,1.0
2018-03-26,1.3976423586837718e-21,1.0
2018-03-27,1.6031307238406592e-22,1.0
2018-03-28,1.790000966633936e-24,1.0
2018-03-29,2.665950218781307e-23,1.0
2018-03-30,6.321790105816922e-21,1.0
2018-04-02,5.426467214107618e-20,1.0
2018-04-03,1.1052013649925355e-23,1.0
2018-04-04,1.031770250823678e-23,1.0
2018-04-05,6.72139776127184e-22,1.0
2018-04-06,1.841262873156961e-21,1.0
2018-04-09,6.7636504453711994e-21,1.0
2018-04-10,8.830289718855034e-19,1.0
2018-04-11,1.129879398509596e-20,1.0
2018-04-12,8.371667226888929e-21,1.0
2018-04-13,9.553682995631882e-22,1.0
2018-04-16,5.4090842856831584e-21,1.0
2018-04-17,2.8707868397780352e-24,1.0
2018-04-18,3.8439412892747625e-22,1.0
2018-04-19,1.0726553718604058e-24,1.0
2018-04-20,2.0701632294001194e-22,1.0
2018-04-23,8.605490742327379e-09,0.9999999996216502
2018-04-24,8.43729565383745e-08,0.9999999958436092
2018-04-25,5.558383388757365e-12,1.0
2018-04-26,4.00410954490497e-15,1.0
2018-04-27,4.8459941914103454e-08,0.9999999976789695
2018-04-30,4.689701324964324e-14,1.0
2018-05-01,1.7779880593360363e-10,0.999999999992724
2018-05-02,9.209154105824203e-10,0.9999999999636202
2018-05-03,8.095014635782478e-10,0.9999999999672582
2018-05-04,2.2600119045760594e-20,1.0
2018-05-07,1.550687525826299e-12,1.0
2018-05-08,1.3259591951791064e-14,1.0
2018-05-09,1.0174746821116507e-17,1.0
2018-05-10,4.089005322716876e-15,1.0
2018-05-11,2.7217640088508747e-14,1.0
2018-05-14,6.840771708946391e-26,1.0
2018-05-15,4.1107085933572936e-23,1.0
2018-05-16,4.4526598986313545e-24,1.0
2018-05-17,9.202343982286246e-21,1.0
2018-05-18,7.43340268038239e-15,1.0
2018-05-21,3.7040072143223584e-14,1.0
2018-05-22,1.111672354027988e-11,1.0
2018-05-23,1.9267578301874184e-11,1.0
2018-05-24,5.547804673791614e-14,1.0
2018-05-25,7.224016780729916e-12,1.0
2018-05-28,1.4077174769199415e-12,1.0
2018-05-29,2.8684779900261397e-09,0.9999999998799467
2018-05-30,2.166946202610539e-09,0.9999999999108695
2018-05-31,5.0152768638939046e-12,1.0
2018-06-01,8.953925934750804e-11,0.999999999996362
2018-06-04,5.238103830283621e-12,1.0
2018-06-05,2.4806725421944687e-11,1.0
2018-06-06,1.1408048231676463e-07,0.9999999942901923
2018-06-07,2.9756594934857396e-10,0.9999999999890861
2018-06-08,1.237363772310206e-08,0.9999999994452082
2018-06-11,2.753982594950861e-08,0.9999999987176125
2018-06-12,2.099942154468079e-25,1.0
2018-06-13,2.1183119367573452e-18,1.0
2018-06-14,4.477371295712104e-21,1.0
2018-06-15,3.633759694448652e-18,1.0
2018-06-18,2.9675054438631522e-31,1.0
2018-06-19,2.077844504630397e-25,1.0
2018-06-20,1.979046866890035e-29,1.0
2018-06-21,3.516627783999585e-34,1.0
2018-06-22,8.54465451334836e-33,1.0
2018-06-25,3.409195643941569e-30,1.0
2018-06-26,1.531608065010183e-31,1.0
2018-06-27,1.6172341833095002e-30,1.0
2018-06-28,2.5474147571484468e-31,1.0
2018-06-29,9.593708764084627e-30,1.0
2018-07-02,2.5773560210742462e-27,1.0
2018-07-03,1.6260840375922398e-29,1.0
2018-07-04,1.068455700902791e-33,1.0
2018-07-05,5.730908327400181e-27,1.0
2018-07-06,1.284226947353068e-26,1.0
2018-07-09,2.088546719296944e-28,1.0
2018-07-10,2.177197556128169e-26,1.0
2018-07-11,3.630991488806008e-28,1.0
2018-07-12,3.811220598378095e-28,1.0
2018-07-13,2.0928034420041232e-26,1.0
2018-07-16,8.670973416396221e-29,1.0
2018-07-17,2.3553161960855205e-24,1.0
2018-07-18,7.294407108355778e-24,1.0
2018-07-19,1.3067395225396109e-23,1.0
2018-07-20,1.1644188191809935e-22,1.0
2018-07-23,2.7624556988920316e-19,1.0
2018-07-24,8.615156384524483e-22,1.0
2018-07-25,1.969016160337002e-18,1.0
2018-07-26,1.552804190997019e-17,1.0
2018-07-27,4.156192066097161e-18,1.0
2018-07-30,7.023833559408298e-18,1.0
2018-07-31,1.4416801333747358e-17,1.0
2018-08-01,9.762744147125494e-17,1.0
2018-08-02,3.69268821609403e-17,1.0
2018-08-03,9.632418653453163e-16,1.0
2018-08-06,1.4282060367703193e-16,1.0
2018-08-07,1.1049251059056432e-17,1.0
2018-08-08,7.858424141148592e-21,1.0
2018-08-09,5.043151038547999e-19,1.0
2018-08-10,5.16087660746137e-19,1.0
2018-08-13,5.201031163294586e-19,1.0
2018-08-14,3.373882304838017e-19,1.0
2018-08-15,1.4428878392722999e-21,1.0
2018-08-16,5.935403023751498e-17,1.0
2018-08-17,1.0153738447716656e-18,1.0
2018-08-20,7.454371927081544e-18,1.0
2018-08-21,2.1876317010761684e-17,1.0
2018-08-22,7.229278739810233e-19,1.0
2018-08-23,3.288170536475306e-20,1.0
2018-08-24,3.774279467439244e-20,1.0
2018-08-27,4.222437369056214e-17,1.0
2018-08-28,1.507990350948213e-17,1.0
2018-08-29,3.2587878242726113e-15,1.0
2018-08-30,3.523000563603983e-16,1.0
2018-08-31,1.6352863569302379e-18,1.0
2018-09-03,3.867276157688079e-18,1.0
2018-09-04,1.7597177109809213e-14,1.0
2018-09-05,5.1278116667685296e-15,1.0
2018-09-06,6.885452977459287e-08,0.9999999966421456
2018-09-07,7.62518798638153e-07,0.999999957581168
2018-09-10,1.36908799361134e-06,0.9999999211140707
2018-09-11,4.16361274427436e-06,0.9999997425475489
2018-09-12,2.0647498221246845e-05,0.9999985720215782
2018-09-13,4.0638581646007885e-07,0.9999999782012312
2018-09-14,6.325500516576586e-05,0.9999952269468163
2018-09-17,0.003111739902210472,0.9996529330059608
2018-09-18,2.974992967725665e-21,1.0
2018-09-19,0.35949426014619723,0.8836967135469483
2018-09-20,0.03173642640188367,0.9949513351839544
2018-09-21,0.005924781121219537,0.9992807001543762
2018-09-24,0.0012460876374394433,0.9998752563546524
2018-09-25,0.0004727044700330986,0.9999572614980946
2018-09-26,4.275776401025862e-05,0.9999968734203996
2018-09-27,1.477135443963051e-07,0.9999999925057637
2018-09-28,3.8528590501386595e-21,1.0
2018-10-01,2.5832122781247427e-09,0.9999999998908606
2018-10-02,2.004728233511222e-17,1.0
2018-10-03,1.0813733528498509e-12,1.0
2018-10-04,1.4602821564282103e-18,1.0
2018-10-05,2.05881714200362e-12,1.0
2018-10-08,4.760939273712414e-08,0.9999999977226253
2018-10-09,1.2485144222214258e-06,0.9999999284627873
2018-10-10,1.7162190652240477e-14,1.0
2018-10-11,6.892423884650131e-09,0.9999999996980478
2018-10-12,3.655632273579655e-10,0.9999999999854481
2018-10-15,0.1782831634182218,0.9567033452584561
2018-10-16,0.6918240328563159,0.5257154042138313
2018-10-17,0.0057427971451113925,0.9993057869646307
2018-10-18,1.4261236406022036e-05,0.9999990400615448
2018-10-19,2.400372306328148e-05,0.9999983211105696
2018-10-22,1.1345050301073749e-05,0.9999992487467446
2018-10-23,1.0774686369121273e-05,0.9999992891173659
2018-10-24,7.669225476869538e-06,0.9999995058643746
2018-10-25,2.964232423917839e-05,0.9999978932814337
2018-10-26,2.328330508565531e-06,0.9999998613348094
2018-10-29,8.634702735613357e-06,0.999999439074757
2018-10-30,4.46365642341363e-06,0.9999997227242077
2018-10-31,3.959556770254252e-06,0.9999997559753253
2018-11-01,1.5554032474667317e-06,0.9999999096726283
2018-11-02,1.556419416795733e-06,0.9999999096107827
2018-11-05,1.252318490465561e-06,0.9999999282335946
2018-11-06,4.9629571922434156e-06,0.9999996895276608
2018-11-07,1.416684333895802e-07,0.9999999928295438
2018-11-08,2.4664024321163565e-07,0.9999999871324691
2018-11-09,6.287736693119358e-08,0.9999999969477358
2018-11-12,8.363384394047356e-08,0.999999995881808
2018-11-13,1.3985035043006674e-07,0.9999999929241312
2018-11-14,5.637165464927904e-07,0.99999996918632
2018-11-15,1.0676188605490271e-07,0.999999994673999
2018-11-16,5.378101405680936e-08,0.9999999974097591
2018-11-19,6.565935291769916e-08,0.9999999968058546
2018-11-20,3.148086362590193e-07,0.9999999833526091
2018-11-21,2.0680654031601043e-08,0.9999999990504875
2018-11-22,8.311614188358085e-08,0.9999999959072738
2018-11-23,1.08928592366767e-07,0.9999999945612217
2018-11-26,6.782469840464763e-08,0.9999999966967152
2018-11-27,1.2370040689756509e-08,0.9999999994470272
2018-11-28,4.3629734851491294e-08,0.9999999979227141
2018-11-29,1.726702363692744e-08,0.9999999992141966
2018-11-30,7.953791079431247e-09,0.999999999650754
2018-12-03,6.647993666807984e-09,0.9999999997089617
2018-12-04,2.210877109261609e-08,0.9999999989813659
2018-12-05,2.8685923449368124e-09,0.9999999998799467
2018-12-06,1.171495871417688e-08,0.999999999476131
2018-12-07,9.428489501445588e-09,0.9999999995816324
2018-12-10,3.4512870061902477e-09,0.9999999998544808
2018-12-11,7.434377257718628e-09,0.9999999996762199
2018-12-12,5.160915763893318e-08,0.9999999975188985
2018-12-13,1.3031484530009487e-08,0.9999999994142854
2018-12-14,5.595125884705384e-09,0.9999999997598934
2018-12-17,8.045266822455428e-09,0.9999999996471161
2018-12-18,1.7440583016758798e-08,0.9999999992069206
2018-12-19,5.5726228092422315e-09,0.9999999997598934
2018-12-20,3.713743860570966e-09,0.9999999998435669
2018-12-21,2.533459999250909e-07,0.9999999867650332
2018-12-24,4.1107347096348084e-07,0.9999999779356588
2018-12-25,2.5924558035113783e-07,0.9999999864376151
2018-12-26,2.094042685090727e-07,0.9999999891733751
2018-12-27,1.3052527773976173e-10,0.999999999996362
2018-12-28,1.17565526070853e-10,0.999999999996362
2018-12-31,2.280260428268254e-10,0.999999999992724
2019-01-01,9.697921154804597e-11,0.999999999996362
2019-01-02,0.0018374653799418615,0.9998077259721814
2019-01-03,4.302011577049209e-05,0.9999968527167271
2019-01-04,1.708928764201861e-05,0.999998834475943
2019-01-07,1.5880647721125593e-05,0.9999989226931921
2019-01-08,4.824683020474054e-06,0.9999996987462964
2019-01-09,6.9990941514164345e-06,0.999999551862957
2019-01-10,1.1119348277843073e-05,0.9999992647429254
2019-01-11,1.4836515379721601e-05,0.9999989984794878
2019-01-14,0.0705068331675699,0.9867371889232043
2019-01-15,2.3847104383059546e-05,0.9999983328866874
2019-01-16,8.881508888512045e-05,0.9999931071016546
2019-01-17,8.772432701696201e-05,0.9999931988290242
2019-01-18,1.927640384788087e-05,0.9999986736156344
2019-01-21,2.016649012286537e-05,0.9999986077246519
2019-01-22,1.978620337557277e-05,0.9999986359080348
2019-01-23,2.439875429137933e-07,0.9999999872779882
2019-01-24,6.355811148311953e-07,0.9999999650171963
2019-01-25,7.21268601330292e-07,0.9999999600076998
2019-01-28,1.1560432729492744e-06,0.9999999340725502
2019-01-29,7.484144517522605e-07,0.9999999584106272
2019-01-30,3.0041001532749128e-06,0.9999998181556459
2019-01-31,2.360476203421572e-06,0.9999998593011795
2019-02-01,0.00010243981332561907,0.9999919530124308
2019-02-04,1.744479867699915e-05,0.9999988084353213
2019-02-05,5.674724906064803e-06,0.9999996417973949
2019-02-06,6.42568669989219e-07,0.9999999646097428
2019-02-07,6.076295382774539e-06,0.999999614672635
2019-02-08,0.0011997818405732434,0.9998803957250715
2019-02-11,1.5311930276243106e-05,0.9999989640205876
2019-02-12,3.78288307675495e-05,0.999997260300121
2019-02-13,0.0009009444995973412,0.9999129430023437
2019-02-14,1.4978889015285277e-05,0.9999989881694663
2019-02-15,1.0069037274254382e-05,0.9999993388375882
2019-02-18,0.0006175600128775371,0.9999426385119958
2019-02-19,0.00020377463959557956,0.9999829931030128
2019-02-20,1.8309619053477795e-05,0.9999987449126511
2019-02-21,1.769554184100986e-05,0.9999987900417225
2019-02-22,3.056277001766038e-05,0.9999978227702795
2019-02-25,3.780949582296935e-05,0.999997261809878
2019-02-26,7.310983962259988e-06,0.9999995304934793
2019-02-27,2.9130300301892837e-06,0.9999998240164286
2019-02-28,9.068544133558829e-05,0.9999929495819084
2019-03-01,0.00014956764083027467,0.9999878586759597
2019-03-04,6.226228590305918e-05,0.9999953079096515
2019-03-05,6.862742299542854e-06,0.9999995611834546
2019-03-06,0.0001464623605001357,0.9999881327434411
2019-03-07,4.9625173953224804e-05,0.9999963280855921
2019-03-08,0.00026381529184391116,0.9999774513448966
2019-03-11,0.00010160216080966526,0.9999920243962791
2019-03-12,3.0401031365860222e-05,0.9999978351721224
2019-03-13,7.962045010184201e-06,0.9999994856699644
2019-03-14,8.304835105128272e-07,0.9999999535648396
2019-03-15,3.859166006753059e-07,0.9999999793581085
2019-03-18,4.148775547628247e-07,0.99999997771738
2019-03-19,1.8681635253984706e-07,0.9999999903993739
2019-03-20,3.2948108996758124e-07,0.9999999825340639
2019-03-21,3.9255632966278516e-07,0.9999999789833967
2019-03-22,4.976149816395365e-07,0.9999999729952836
2019-03-25,1.6715620645515493e-07,0.9999999914616637
2019-03-26,1.0757621401725649e-07,0.9999999946339813
2019-03-27,2.3202984557267865e-07,0.9999999879364624
2019-03-28,7.5034615849337e-07,0.9999999582978498
2019-03-29,1.5261604034766688e-07,0.9999999922438292
2019-04-01,1.909212406231679e-07,0.9999999901774572
2019-04-02,2.2899577613770961e-07,0.9999999881038094
2019-04-03,6.284435019246863e-08,0.9999999969513738
2019-04-04,9.276414161602442e-08,0.9999999954088707
2019-04-05,1.0852924342459727e-07,0.9999999945830496
2019-04-08,1.574720968340433e-07,0.9999999919818947
2019-04-09,4.6945373542745714e-07,0.9999999746105462
2019-04-10,2.4527952443826136e-07,0.9999999872088666
2019-04-11,6.75273800458313e-07,0.999999962699804
2019-04-12,4.7566832777780525e-07,0.9999999742540243
2019-04-15,1.915882916052395e-06,0.9999998872917849
2019-04-16,9.096769392050627e-41,1.0
2019-04-17,1.2693607333420269e-06,0.9999999271967708
2019-04-18,0.0006852084144635651,0.9999356699510666
2019-04-19,5.331054176482091e-07,0.9999999709543776
2019-04-22,0.0005353825926063767,0.9999509876076214
2019-04-23,2.7907401666049477e-05,0.9999980256926781
2019-04-24,9.220309161874152e-20,1.0
2019-04-25,1.0751293223057543e-23,1.0
2019-04-26,1.8661399049878591e-16,1.0
2019-04-29,9.095356980865175e-13,1.0
2019-04-30,3.705050910778942e-13,1.0
2019-05-01,9.7379461944321e-10,0.9999999999599822
2019-05-02,3.3090441654555158e-15,1.0
2019-05-03,4.60436030577063e-10,0.9999999999818101
2019-05-06,1.7420337747514624e-09,0.9999999999272404
2019-05-07,5.236025321189955e-15,1.0
2019-05-08,2.8884712839467585e-12,1.0
2019-05-09,4.7709418696128833e-11,1.0
2019-05-10,2.7132723287605653e-09,0.9999999998872227
2019-05-13,1.0597315033639215e-07,0.9999999947176548
2019-05-14,1.0489609832888768e-09,0.9999999999563443
2019-05-15,2.989029263505825e-14,1.0
2019-05-16,2.692288514534876e-13,1.0
2019-05-17,1.553108351496679e-07,0.99999999209831
2019-05-20,3.035657491203968e-13,1.0
2019-05-21,4.894163728070502e-09,0.9999999997889972
2019-05-22,8.829285845584572e-13,1.0
2019-05-23,9.644832987603002e-14,1.0
2019-05-24,3.376870239881839e-12,1.0
2019-05-27,4.024383123276548e-11,1.0
2019-05-28,1.2010344537140557e-11,1.0
2019-05-29,7.890594574217923e-11,0.999999999996362
2019-05-30,1.8811903985974265e-11,1.0
2019-05-31,2.366196393509928e-06,0.9999998589373816
2019-06-03,9.370904982312432e-08,0.999999995357939
2019-06-04,1.21648668908909e-07,0.9999999938918336
2019-06-05,1.139024774396719e-06,0.9999999350984602
2019-06-06,2.621931884251827e-06,0.9999998426683429
2019-06-07,8.33863645258975e-06,0.999999461495608
2019-06-10,2.147003259613047e-05,0.999998510812674
2019-06-11,7.35255881231288e-05,0.9999946618187696
2019-06-12,2.1096729716736115e-05,0.9999985442165462
2019-06-13,0.00012131426042627353,0.9999903308811536
2019-06-14,0.00040381072662977035,0.9999640528025447
2019-06-17,0.002478637321364595,0.999731210109421
2019-06-18,0.0015769580596033516,0.9998378837681813
2019-06-19,0.009877911916035346,0.9987090636082308
2019-06-20,0.008670909263854857,0.9988885655235166
2019-06-21,0.015764922670465167,0.9977828422420585
2019-06-24,0.021610855981248546,0.9967942083127995
2019-06-25,0.013920084440815952,0.998081419954706
2019-06-26,0.03176748573542735,0.9949454574547627
2019-06-27,0.012338345610317977,0.998331531975698
2019-06-28,0.011548406907417558,0.9984543461457865
2019-07-01,0.03860858907777203,0.9936198576742963
2019-07-02,0.029041706161882043,0.9954563807591286
2019-07-03,0.0009805286549619341,0.9999043867156917
2019-07-04,0.00037258753217638853,0.9999670909886847
2019-07-05,1.4745915504290968e-32,1.0
2019-07-08,1.2460455893874655e-20,1.0
2019-07-09,1.6894194345589972e-16,1.0
2019-07-10,2.479250553408106e-13,1.0
2019-07-11,1.714646655731944e-12,1.0
2019-07-12,3.759782666354664e-12,1.0
2019-07-15,1.068179138358862e-12,1.0
2019-07-16,2.921166463270265e-13,1.0
2019-07-17,2.0975012805880517e-13,1.0
2019-07-18,5.191420808406653e-12,1.0
2019-07-19,4.719176943695921e-11,1.0
2019-07-22,1.578943338287787e-10,0.999999999992724
2019-07-23,4.819755092915707e-10,0.9999999999818101
2019-07-24,8.273411063180002e-11,0.999999999996362
2019-07-25,2.38287894303409e-10,0.999999999992724
2019-07-26,2.245712847468669e-10,0.999999999992724
2019-07-29,6.56825690610272e-11,0.999999999996362
2019-07-30,3.511899536364908e-09,0.9999999998508429
2019-07-31,1.586901959932597e-08,0.9999999992796802
2019-08-01,2.7340737775919054e-08,0.9999999987267074
2019-08-02,3.052874807050482e-09,0.9999999998726707
2019-08-05,6.895220289866805e-08,0.9999999966385076
2019-08-06,3.199769629661045e-08,0.9999999984975148
2019-08-07,3.720851672922666e-08,0.9999999982428562
2019-08-08,2.892995599921316e-09,0.9999999998799467
2019-08-09,1.0183832409185938e-08,0.9999999995488906
2019-08-12,9.839595465863801e-10,0.9999999999599822
2019-08-13,1.065555601599574e-09,0.9999999999563443
2019-08-14,2.7518780199694538e-08,0.9999999987194315
2019-08-15,5.048414282834087e-09,0.9999999997817213
2019-08-16,3.5545329471167894e-09,0.9999999998508429
2019-08-19,1.1083525244249623e-08,0.9999999995052349
2019-08-20,2.002494940169284e-08,0.9999999990832293
2019-08-21,7.561156416153045e-08,0.9999999962965376
2019-08-22,7.47510974178506e-07,0.9999999584651968
2019-08-23,0.0007050490789276925,0.9999336108441339
2019-08-26,7.136305936088436e-05,0.9999945615784417
2019-08-27,9.314637493373573e-05,0.9999927418693565
2019-08-28,2.552366742749905e-06,0.9999998471030384
2019-08-29,9.130468246693212e-06,0.999999404557634
2019-08-30,1.5826419020585774e-05,0.9999989266367569
2019-09-02,3.407459934547052e-05,0.9999975521671277
2019-09-03,5.3843684339334345e-05,0.9999959897948802
2019-09-04,8.753557533718712e-06,0.9999994308129118
2019-09-05,0.00023286434112713587,0.9999803261023703
2019-09-06,0.00020293190841410454,0.999983069826684
2019-09-09,0.0003588732603258568,0.9999684170437683
2019-09-10,0.00012264590396804923,0.9999902154928642
2019-09-11,0.0007746398794447471,0.9999263368147395
2019-09-12,0.0004910268238028924,0.9999554364365383
2019-09-13,0.00021253562140977075,0.999982193652896
2019-09-16,7.943338466156863e-05,0.9999938925580013
2019-09-17,0.0003927363311265132,0.9999651333785945
2019-09-18,0.00031639960430789163,0.9999724891859728
2019-09-19,0.0001795025236180775,0.9999851897888092
2019-09-20,0.13832643488443555,0.9689636315856192
2019-09-23,0.5753943751390633,0.7377527453438265
2019-09-24,0.022551498000823064,0.9966295951251891
2019-09-25,0.003559408813837735,0.9995961797078763
2019-09-26,0.004323318499361997,0.9994969736566471
2019-09-27,0.002096685326906053,0.9997771604753599
2019-09-30,0.016722291138637848,0.9976252377625204
2019-10-01,0.034791389211137606,0.9943669342346069
2019-10-02,0.30008418128425335,0.9110575521657911
2019-10-03,0.607141127508513,0.7043410718202641
2019-10-04,0.10664718774839349,0.9777563096364171
2019-10-07,0.2121850116416655,0.9452800532654061
2019-10-08,0.15701736192821575,0.9633897902988406
2019-10-09,0.013039376451941568,0.9982213382874663
2019-10-10,0.0004219200115564335,0.9999622789748663
2019-10-11,0.00012798669444445899,0.9999897515351602
2019-10-14,7.108984556281185e-05,0.999994584115598
2019-10-15,8.88847807540005e-05,0.9999931012372731
2019-10-16,1.1818141080163664e-05,0.9999992151463981
2019-10-17,1.10409601103156e-06,0.9999999372084878
2019-10-18,1.3072102735777542e-06,0.9999999248902923
2019-10-21,1.1986370498213033e-06,0.9999999314932234
2019-10-22,2.8255683136367214e-05,0.9999979991645894
2019-10-23,7.722850125843085e-06,0.99999950216819
2019-10-24,3.60247532015202e-05,0.9999974008748849
2019-10-25,1.9440598626748103e-05,0.9999986614793533
2019-10-28,1.542451512198637e-05,0.9999989558496958
2019-10-29,1.0361186649375265e-05,0.9999993182830217
2019-10-30,0.00010905904215182087,0.9999913870676961
2019-10-31,1.272778510261915e-05,0.9999991502521852
2019-11-01,3.999725698554848e-06,0.9999997533341534
2019-11-04,6.924168081206998e-06,0.9999995569852289
2019-11-05,2.915896278895348e-06,0.9999998238308918
2019-11-06,5.147801187388393e-06,0.9999996771767267
2019-11-07,5.836947515184213e-06,0.9999996308543586
2019-11-08,8.274068966778339e-07,0.9999999537467386
2019-11-11,1.0658406221951263e-06,0.9999999395113282
2019-11-12,8.468326976159099e-07,0.9999999525971373
2019-11-13,1.6662555384122966e-06,0.9999999028223148
2019-11-14,9.942498552108488e-07,0.9999999438114189
2019-11-15,2.0320929493307966e-06,0.9999998800121902
2019-11-18,1.7713177679761e-06,0.9999998963030574
2019-11-19,5.612281847542408e-07,0.9999999693318391
2019-11-20,3.7950611188920827e-07,0.9999999797219064
2019-11-21,5.851875842511625e-07,0.9999999679457693
2019-11-22,3.759838792036827e-07,0.9999999799183572
2019-11-25,1.724190498361445e-07,0.9999999911779014
2019-11-26,3.411293038414089e-07,0.9999999818792277
2019-11-27,3.953783488474947e-07,0.9999999788233256
2019-11-28,7.14553224880438e-07,0.9999999604006015
2019-11-29,3.1699443536687e-07,0.9999999832325558
2019-12-02,2.76242751870336e-07,0.9999999854990166
2019-12-03,1.385854370349529e-07,0.9999999929932528
2019-12-04,3.1070557229267824e-07,0.9999999835818018
2019-12-05,2.5636609121350796e-07,0.9999999865976862
2019-12-06,2.56356004026524e-07,0.9999999865976862
2019-12-09,8.463242607245999e-07,0.9999999526262411
2019-12-10,2.064389424938505e-06,0.9999998779858362
2019-12-11,8.209840990720627e-07,0.9999999541287262
2019-12-12,4.7446667090856706e-07,0.9999999743231459
2019-12-13,8.049443363978902e-07,0.9999999550782387
2019-12-16,1.606148749121054e-06,0.9999999065403288
2019-12-17,1.596043587642645e-06,0.9999999071660611
2019-12-18,1.3226082689452324e-06,0.9999999239516939
2019-12-19,1.3362525854586108e-06,0.9999999231185969
2019-12-20,1.0299918186493383e-06,0.9999999416686495
2019-12-23,1.1570893873319324e-06,0.9999999340070667
2019-12-24,4.695001196880258e-06,0.9999997073755795
2019-12-25,2.5277960912583384e-06,0.999999848671007
2019-12-26,1.675567579399625e-06,0.9999999022475142
2019-12-27,3.0827934159889058e-06,0.9999998130806663
2019-12-30,9.926157473839345e-06,0.9999993488711271
2019-12-31,0.00013156425208698703,0.999989439719965
2020-01-01,6.31666604179071e-05,0.999995234157256
2020-01-02,0.00012731162760510324,0.9999898102806417
2020-01-03,0.0008866637228115142,0.9999144691046119
2020-01-06,0.0036349372210877644,0.9995864993586092
2020-01-07,0.05296600680650197,0.9906557659049653
2020-01-08,0.08039367727467395,0.9843969988138795
2020-01-09,0.14725629333143736,0.966336063713694
2020-01-10,0.07680330098942338,0.9852573618572142
2020-01-13,0.059834720032131535,0.98915823350438
2020-01-14,0.0014816448462300915,0.9998487586275192
2020-01-15,0.0006193352645148266,0.9999424567071747
2020-01-16,0.011135405027252332,0.9985179665080289
2020-01-17,0.005181591909662003,0.9993823563211534
2020-01-20,0.007575639895483238,0.9990478445844805
2020-01-21,0.02544602578424383,0.9961142111033969
2020-01-22,0.28165065757592644,0.9188164006733196
2020-01-23,0.6647396156695418,0.6186118287239076
2020-01-24,0.6628251629363668,0.6225036341354272
2020-01-27,0.5015015367713889,0.7992057367255148
2020-01-28,0.5061645517858393,0.7958040207180819
2020-01-29,0.5424056801966707,0.7673943328563695
2020-01-30,0.046237235906071435,0.9920740292808765
2020-01-31,1.1210042637050583e-31,1.0
2020-02-03,0.0182398871887227,0.9973786330823214
2020-02-04,3.5814898303574937e-06,0.9999997807208514
2020-02-05,1.7831504761485545e-07,0.9999999908613972
2020-02-06,7.509800688264902e-05,0.9999942527557859
2020-02-07,1.0427012608416652e-06,0.999999940904674
2020-02-10,7.170638230824872e-11,0.999999999996362
2020-02-11,9.303735062321125e-18,1.0
2020-02-12,7.028793762827114e-12,1.0
2020-02-13,4.7675211147973626e-12,1.0
2020-02-14,7.277313583071933e-13,1.0
2020-02-17,1.9053048606543497e-11,1.0
2020-02-18,6.868073676822302e-11,0.999999999996362
2020-02-19,1.283345057871012e-12,1.0
2020-02-20,1.3014902621842243e-08,0.9999999994142854
2020-02-21,1.6829639466340419e-07,0.9999999913998181
2020-02-24,1.0326486435231832e-13,1.0
2020-02-25,3.8839807191451525e-18,1.0
2020-02-26,1.820764923648976e-13,1.0
2020-02-27,5.0802093064398e-13,1.0
2020-02-28,2.7291766194019248e-14,1.0
2020-03-02,6.895714435201692e-12,1.0
2020-03-03,1.6644235101958518e-09,0.9999999999308784
2020-03-04,4.112015600950321e-14,1.0
2020-03-05,2.4307023793106864e-08,0.9999999988758645
2020-03-06,4.499352547916349e-15,1.0
2020-03-09,2.2140164656214815e-08,0.9999999989813659
2020-03-10,1.218446399903165e-12,1.0
2020-03-11,1.8952376243245853e-07,0.9999999902538548
2020-03-12,0.0029819179672627765,0.9996691822041397
2020-03-13,4.970296451133551e-06,0.9999996890365338
2020-03-16,6.655764867522228e-05,0.9999949567845602
2020-03-17,9.13665325739624e-11,0.999999999996362
2020-03-18,1.2500658902793341e-12,1.0
2020-03-19,2.900804181674006e-09,0.9999999998799467
2020-03-20,2.551421228228524e-11,1.0
2020-03-23,4.7222532166925604e-07,0.9999999744504752
2020-03-24,1.0590876227422735e-06,0.9999999399187818
2020-03-25,8.30959418786253e-17,1.0
2020-03-26,7.321942355619074e-11,0.999999999996362
2020-03-27,9.6852520869294e-09,0.9999999995707185
2020-03-30,1.2861982877859122e-11,1.0
2020-03-31,1.3942535600793179e-06,0.9999999195752057
2020-04-01,3.8425684984524775e-07,0.9999999794526959
2020-04-02,2.3532697784431133e-06,0.9999998597559268
2020-04-03,7.017324998903729e-06,0.9999995506151308
2020-04-06,5.187888618767425e-07,0.9999999717801987
2020-04-07,6.629666766586956e-06,0.999999577085053
2020-04-08,1.8002378106245957e-07,0.9999999907668098
2020-04-09,6.834178211300147e-08,0.9999999966712494
2020-04-10,3.553879442963339e-08,0.9999999983228918
2020-04-13,2.5885048081197496e-06,0.9999998448001981
2020-04-14,3.447089290695969e-07,0.9999999816791388
2020-04-15,7.314619540940766e-09,0.9999999996798579
2020-04-16,1.1199387427824442e-09,0.9999999999563443
2020-04-17,1.1946982761739883e-07,0.9999999940046109
2020-04-20,7.129845357204644e-07,0.9999999604915509
2020-04-21,3.583881563700333e-08,0.9999999983083399
2020-04-22,1.3976393615449386e-06,0.9999999193678409
2020-04-23,1.2640750072449968e-06,0.9999999275169129
2020-04-24,1.2225987351499677e-06,0.999999930038032
2020-04-27,4.948402098641401e-08,0.9999999976280378
2020-04-28,6.265446625155606e-08,0.9999999969586497
2020-04-29,5.891645298037378e-07,0.9999999677129386
2020-04-30,2.446572392346535e-06,0.9999998538369361
2020-05-01,2.604729878639845e-07,0.9999999863721315
2020-05-04,1.1299445016273427e-08,0.999999999494321
2020-05-05,4.852620728182462e-08,0.9999999976753315
2020-05-06,2.4556674808784382e-06,0.9999998532584976
2020-05-07,1.354744709295529e-05,0.9999990914734133
2020-05-08,3.491060336174184e-05,0.9999974873967137
2020-05-11,0.001929173419467926,0.9997969733957629
2020-05-12,4.23721419878971e-05,0.9999969038301698
2020-05-13,0.00979286926311225,0.9987218403055756
2020-05-14,0.0005481786425569491,0.9999496964257342
2020-05-15,3.069010016121569e-06,0.999999813968333
2020-05-18,3.856703159479172e-06,0.9999997627237743
2020-05-19,1.3585116301063622e-06,0.9999999217616308
2020-05-20,3.724108211761657e-07,0.999999980122084
2020-05-21,4.8807245655778634e-06,0.9999996950100932
2020-05-22,5.150661072104182e-09,0.9999999997780833
2020-05-25,2.20831624181309e-08,0.9999999989813659
2020-05-26,4.215314172931254e-08,0.9999999979954737
2020-05-27,6.538840835647644e-09,0.9999999997162377
2020-05-28,4.892395186924723e-09,0.9999999997889972
2020-05-29,3.4206173519184545e-08,0.9999999983883754
2020-06-01,2.693045205908199e-07,0.9999999858810044
2020-06-02,3.299072204825405e-10,0.9999999999890861
2020-06-03,1.7914050697331828e-09,0.9999999999272404
2020-06-04,5.081813745853843e-24,1.0
2020-06-05,9.161425983731118e-05,0.9999928712458661
2020-06-08,1.6082539035600734e-09,0.9999999999345164
2020-06-09,2.1667557737446508e-12,1.0
2020-06-10,1.1138793512637887e-18,1.0
2020-06-11,3.053122020165746e-07,0.999999983883754
2020-06-12,1.3022208381118719e-06,0.9999999251958825
2020-06-15,1.3934402794834538e-06,0.9999999196224995
2020-06-16,1.2919925372850808e-05,0.9999991365006371
2020-06-17,5.779769352866367e-05,0.9999956706108646
2020-06-18,0.0001966619324521327,0.9999836396483714
2020-06-19,6.473428330841998e-05,0.9999951060901066
2020-06-22,0.0003128879425966386,0.9999728234088606
2020-06-23,0.0003083743682835381,0.9999732524095823
2020-06-24,0.0005435956046497588,0.9999501592662392
2020-06-25,0.00039524143553082945,0.9999648892278277
2020-06-26,0.0001830851735486999,0.9999848672977302
2020-06-29,0.0024472561003293374,0.9997350231521309
2020-06-30,0.002024298424161688,0.9997857489646089
2020-07-01,0.019557215198577706,0.9971484571577242
2020-07-02,0.04322602998265967,0.9926923434325692
2020-07-03,0.05637653262530001,0.9899183189257307
2020-07-06,0.1775020806277595,0.9569554321460849
2020-07-07,0.27853122722177803,0.9200974799924863
2020-07-08,0.04528619927186395,0.9922704333335476
2020-07-09,0.0068556931239225,0.9991505203299686
2020-07-10,0.0013035164832617848,0.9998688496533342
2020-07-13,0.0002587897105436421,0.9999779205754843
2020-07-14,0.00011574587081868693,0.9999908120829872
2020-07-15,0.00011658619269455089,0.9999907396005662
2020-07-16,3.6273598660160544e-05,0.9999973815172502
2020-07-17,0.0001389409367221739,0.9999887942513239
2020-07-20,0.0004976672192903334,0.9999547731354528
2020-07-21,0.0003983756908270402,0.9999645835246972
2020-07-22,0.0024075429997179975,0.999739839927972
2020-07-23,0.0015764971102509994,0.9998379326110424
2020-07-24,0.003924130803520948,0.999549167575783
2020-07-27,0.0157486774797481,0.997785501026075
2020-07-28,0.005780576567911812,0.999300589130662
2020-07-29,0.03405047488747132,0.9945097937732901
2020-07-30,0.06459154704277346,0.9880929499652118
2020-07-31,0.1335131836576794,0.9703529347676615
2020-08-03,0.11916376678603247,0.974381832690508
2020-08-04,0.16950774161192422,0.9595070108489102
2020-08-05,0.3873576673678998,0.869488618102711
2020-08-06,0.6893074033342568,0.5437884692254115
2020-08-07,0.12092076448563162,0.9738976595206108
2020-08-10,0.0089667538936717,0.9988449408923313
2020-08-11,0.000970151686381554,0.9999055072194242
2020-08-12,0.00022762903348677338,0.9999808086817951
2020-08-13,0.0003319129434030287,0.9999710081229701
2020-08-14,0.0005939266047292563,0.999945053183053
2020-08-17,0.005412685355963004,0.9993509747291497
2020-08-18,0.009629288131360759,0.9987463625573318
2020-08-19,0.0027759298167716897,0.9996947602447962
2020-08-20,0.006235939115818123,0.9992375261209626
2020-08-21,0.007658826383112359,0.9990358745558702
2020-08-24,0.0009038113204808498,0.9999126362965488
2020-08-25,0.00012786827365760187,0.9999897618414486
2020-08-26,0.00014169260193546698,0.9999885526304222
2020-08-27,0.14324256888669615,0.967525113948426
2020-08-28,0.08445027748000217,0.9834107367123792
2020-08-31,6.4358512961082e-06,0.9999995902763588
2020-09-01,0.61080143226972,0.700074184869812
2020-09-02,0.2104797373821805,0.9458773375162683
2020-09-03,0.009246152667435831,0.9988035159917232
2020-09-04,0.0019877179613834294,0.9997900737604091
2020-09-07,0.00019011964192378023,0.9999842323019783
2020-09-08,2.7753347359795577e-05,0.9999980374178609
2020-09-09,3.851760330026116e-05,0.9999972064836494
2020-09-10,5.1678130154532126e-05,0.9999961637550683
2020-09-11,8.210294980552566e-05,0.9999936698714273
2020-09-14,8.225775155230255e-05,0.9999936569384946
2020-09-15,0.0001555446413594321,0.9999873296149033
2020-09-16,0.0001309257630658212,0.9999894954277477
2020-09-17,0.00010103045332097605,0.9999920730866002
2020-09-18,0.0031676743835232684,0.9996459021600125
2020-09-21,0.0067587805530054095,0.9991642121324591
2020-09-22,0.0017246768577896016,0.9998208541233503
2020-09-23,0.0022836008374220273,0.999754802849226
2020-09-24,0.001955164067921392,0.9997939136812433
2020-09-25,0.0003838638537080861,0.9999659967612872
2020-09-28,0.00040925326731055514,0.9999635205818815
2020-09-29,0.0005847833700754299,0.9999459844912659
2020-09-30,0.0007937714149028913,0.9999243234747841
2020-10-01,0.0002874800341927531,0.999975229738372
2020-10-02,0.0006669728059106482,0.9999375564763737
2020-10-05,0.0043475252379130535,0.9994937848646777
2020-10-06,0.03122824185434675,0.9950473424701226
2020-10-07,0.03762019106312538,0.9938150498360534
2020-10-08,0.09335856641110937,0.9811931438380477
2020-10-09,0.3287508272490958,0.8983236171880689
2020-10-12,0.34172706696373656,0.8922774781547584
2020-10-13,0.0384545534665744,0.993650356312163
2020-10-14,0.010480304799702354,0.9986180207748548
2020-10-15,0.0002710058870647537,0.9999767783851501
2020-10-16,0.00021528840865270608,0.9999819417710363
2020-10-19,0.0003025387064272328,0.9999738061062136
2020-10-20,8.36700540107955e-05,0.9999935388431826
2020-10-21,0.0001235895322393115,0.9999901336573349
2020-10-22,3.8726336216753746e-05,0.9999971901564463
2020-10-23,1.6791081071511117e-07,0.999999991421646
2020-10-26,2.0702947365035106e-05,0.999998567899754
2020-10-27,0.0005224483252415841,0.999952289264417
2020-10-28,0.000186731344199983,0.9999845384549423
2020-10-29,0.0004636713715821136,0.9999581584438538
2020-10-30,0.0006527687214679176,0.9999390218729401
2020-11-02,0.032087243179448305,0.9948848546039258
2020-11-03,0.09980717291159101,0.9795443476473984
2020-11-04,0.13226872590054314,0.970709052688416
2020-11-05,0.14503335695406935,0.9669962184738129
2020-11-06,0.10334088664846924,0.9786256004976086
2020-11-09,0.3996637184582592,0.8629001611096486
2020-11-10,0.6824401248644039,0.5730369328157949
2020-11-11,0.46550326465408665,0.8238511603240067
2020-11-12,0.2530575990874201,0.9302245959774987
2020-11-13,0.1555591157736093,0.9638348571930542
2020-11-16,0.433220237964721,0.8438559018588428
2020-11-17,0.6608428121512976,0.6264021027373133
2020-11-18,0.44299879226839856,0.8379833951244232
2020-11-19,0.19449667235722912,0.9513581485846779
2020-11-20,0.12479882843623531,0.9728199291093707
2020-11-23,0.15580528263650523,0.9637598463160781
2020-11-24,1.571223752374302e-06,0.99999990869765
2020-11-25,9.348710906580299e-11,0.999999999996362
2020-11-26,2.108930734776493e-09,0.9999999999126885
2020-11-27,6.085105107750632e-12,1.0
2020-11-30,3.7952765203743466e-13,1.0
2020-12-01,7.5704515332212e-14,1.0
2020-12-02,1.493465539524861e-13,1.0
2020-12-03,1.608575568978143e-13,1.0
2020-12-04,4.603491604046052e-17,1.0
2020-12-07,6.533506478065773e-12,1.0
2020-12-08,2.3213143868851e-12,1.0
2020-12-09,4.3193886093090303e-13,1.0
2020-12-10,9.50078726640966e-13,1.0
2020-12-11,1.3286233295454166e-11,1.0
2020-12-14,1.5921893689775294e-11,1.0
2020-12-15,1.7234370698557534e-11,1.0
2020-12-16,2.8303663212953215e-13,1.0
2020-12-17,1.3918014512023868e-12,1.0
2020-12-18,5.59103859520511e-28,1.0
2020-12-21,7.421596494616853e-16,1.0
2020-12-22,8.946342887484039e-20,1.0
2020-12-23,2.078852562614533e-19,1.0
2020-12-24,9.261354529093098e-19,1.0
2020-12-25,2.1220536612568966e-17,1.0
2020-12-28,7.197352898635253e-13,1.0
2020-12-29,1.7149422200213708e-15,1.0
2020-12-30,4.977177214123225e-12,1.0
2020-12-31,1.1488026680379209e-13,1.0
2021-01-01,2.705530788707135e-16,1.0
2021-01-04,2.077566942911429e-09,0.9999999999126885
2021-01-05,9.920086573947367e-06,0.9999993492967704
2021-01-06,2.1442189201397423e-22,1.0
2021-01-07,4.856013134562821e-16,1.0
2021-01-08,4.634017615196465e-17,1.0
2021-01-11,3.666965957571921e-17,1.0
2021-01-12,1.147499049736329e-18,1.0
2021-01-13,2.256001188896904e-13,1.0
2021-01-14,1.1543314535897755e-11,1.0
2021-01-15,7.638430459538665e-08,0.9999999962565198
2021-01-18,3.4600941004425138e-12,1.0
2021-01-19,4.670909540662148e-13,1.0
2021-01-20,1.4992940268342046e-11,1.0
2021-01-21,7.097366515549104e-11,0.999999999996362
2021-01-22,4.046780965619603e-11,1.0
2021-01-25,4.879976632672197e-10,0.9999999999818101
2021-01-26,1.1578821396584434e-09,0.9999999999527063
2021-01-27,1.1926170763775554e-08,0.999999999483407
2021-01-28,2.0019662724561173e-08,0.9999999990941433
2021-01-29,5.046899346167227e-07,0.999999972598744
2021-02-01,1.3239054089438169e-08,0.9999999994033715
2021-02-02,6.266649384253277e-10,0.9999999999745341
2021-02-03,3.215528358196479e-09,0.9999999998653948
2021-02-04,3.9965918201324155e-09,0.999999999832653
2021-02-05,2.5507939337559536e-05,0.9999982077076911
2021-02-08,0.009798727718112235,0.9987209607497054
2021-02-09,5.592409349704829e-05,0.9999958221029337
2021-02-10,0.0004492376498396785,0.9999595876887366
2021-02-11,0.00010017727357596088,0.9999921456964463
2021-02-12,1.844696669038924e-08,0.9999999991559889
2021-02-15,1.6670698726366686e-08,0.9999999992433004
2021-02-16,1.522117054019194e-06,0.9999999117244481
2021-02-17,6.614992789056278e-07,0.9999999635074353
2021-02-18,4.064825255460502e-07,0.9999999781939553
2021-02-19,4.173789202647282e-06,0.9999997423256323
2021-02-22,3.509831668457381e-05,0.9999974728339212
2021-02-23,8.761809633045285e-05,0.9999932095828165
2021-02-24,5.762671434590939e-06,0.9999996358674915
2021-02-25,2.6039822342430926e-06,0.999999843817944
2021-02-26,3.3959081691112205e-09,0.9999999998581188
2021-03-01,3.398377208350927e-08,0.9999999984065653
2021-03-02,5.053881122281838e-10,0.9999999999818101
2021-03-03,1.421009955661839e-11,1.0
2021-03-04,2.7422357291731216e-10,0.9999999999890861
2021-03-05,5.701878070301813e-46,1.0
2021-03-08,4.065826569514688e-36,1.0
2021-03-09,1.5684325856653443e-32,1.0
2021-03-10,8.454376215662833e-32,1.0
2021-03-11,6.786989142880962e-32,1.0
2021-03-12,1.6345286410965168e-29,1.0
2021-03-15,1.2493496888397887e-28,1.0
2021-03-16,2.439927603969174e-27,1.0
2021-03-17,5.2731973178520265e-28,1.0
2021-03-18,2.1369833695562922e-26,1.0
2021-03-19,1.2181120370558583e-27,1.0
2021-03-22,2.7945963279257956e-27,1.0
2021-03-23,6.692462911598581e-28,1.0
2021-03-24,7.52973318246384e-27,1.0
2021-03-25,9.660007028002312e-28,1.0
2021-03-26,7.429804375363927e-28,1.0
2021-03-29,1.3614308883823815e-29,1.0
2021-03-30,2.17528682330383e-27,1.0
2021-03-31,6.113845137776149e-24,1.0
2021-04-01,5.965940983227992e-24,1.0
2021-04-02,5.990091799813229e-24,1.0
2021-04-05,8.138730460397825e-24,1.0
2021-04-06,4.202238924881675e-25,1.0
2021-04-07,2.68716862148909e-26,1.0
2021-04-08,2.2014596591339773e-25,1.0
2021-04-09,1.990152701916786e-24,1.0
2021-04-12,3.527532129855137e-23,1.0
2021-04-13,1.142400234810755e-19,1.0
2021-04-14,4.7947235213460287e-20,1.0
2021-04-15,5.113496251244122e-19,1.0
2021-04-16,8.280559865492336e-19,1.0
2021-04-19,1.03085608812881e-21,1.0
2021-04-20,3.922774259008156e-21,1.0
2021-04-21,2.8105218651249203e-21,1.0
2021-04-22,8.152538584009138e-21,1.0
2021-04-23,3.519876811046706e-21,1.0
2021-04-26,2.8829536869877205e-19,1.0
2021-04-27,4.6376636456456345e-18,1.0
2021-04-28,3.346286763558922e-18,1.0
2021-04-29,5.923563527915568e-18,1.0
2021-04-30,4.899347280015134e-19,1.0
2021-05-03,4.096989205006676e-19,1.0
2021-05-04,5.0726216271122876e-17,1.0
2021-05-05,1.8179298440357816e-18,1.0
2021-05-06,2.1832948050147233e-17,1.0
2021-05-07,2.581101676132877e-12,1.0
2021-05-10,1.3657589940375013e-12,1.0
2021-05-11,1.8656699875321442e-13,1.0
2021-05-12,8.318849972917913e-13,1.0
2021-05-13,6.743671533714179e-13,1.0
2021-05-14,2.3517324692114235e-12,1.0
2021-05-17,1.5936906587383167e-10,0.999999999992724
2021-05-18,9.392069011889675e-11,0.999999999996362
2021-05-19,1.6207406754863643e-11,1.0
2021-05-20,1.8792597359867648e-10,0.999999999992724
2021-05-21,1.0802042057758812e-10,0.999999999996362
2021-05-24,6.279091171004721e-10,0.9999999999745341
2021-05-25,3.0993228206604323e-09,0.9999999998690328
2021-05-26,5.002570698427286e-13,1.0
2021-05-27,9.425035188108336e-13,1.0
2021-05-28,1.099143177532997e-12,1.0
2021-05-31,1.262277758888769e-12,1.0
2021-06-01,4.616664862509672e-13,1.0
2021-06-02,7.713338533630136e-12,1.0
2021-06-03,3.23446194778806e-11,1.0
2021-06-04,4.619283945221388e-11,1.0
2021-06-07,4.9062942439598115e-15,1.0
2021-06-08,1.3355337820920928e-13,1.0
2021-06-09,2.964244790809119e-13,1.0
2021-06-10,1.2757822003468288e-13,1.0
2021-06-11,7.018736309233279e-13,1.0
2021-06-14,1.7349034768315255e-09,0.9999999999272404
2021-06-15,3.742193795444181e-09,0.9999999998399289
2021-06-16,2.637681599847074e-09,0.9999999998908606
2021-06-17,2.1859947659946436e-10,0.999999999992724
2021-06-18,9.357236985128725e-10,0.9999999999636202
2021-06-21,1.4833136020669306e-09,0.9999999999381544
2021-06-22,2.576226073396682e-10,0.9999999999890861
2021-06-23,5.609599830501046e-10,0.9999999999781721
2021-06-24,7.258219399166676e-10,0.9999999999708962
2021-06-25,7.081765633854195e-10,0.9999999999708962
2021-06-28,1.9179967907028324e-10,0.999999999992724
2021-06-29,7.699964896115107e-10,0.9999999999708962
2021-06-30,7.361139235633605e-10,0.9999999999708962
2021-07-01,2.044367406665055e-10,0.999999999992724
2021-07-02,2.509645736951395e-09,0.9999999998944986
2021-07-05,3.2614049004366904e-09,0.9999999998617568
2021-07-06,3.5730433769042626e-09,0.9999999998472049
2021-07-07,5.950692355640997e-10,0.9999999999781721
2021-07-08,8.642055016668753e-10,0.9999999999672582
2021-07-09,1.8503872961119052e-09,0.9999999999236024
2021-07-12,6.0581750963041834e-09,0.9999999997380655
2021-07-13,3.5861936321681337e-09,0.9999999998472049
2021-07-14,1.1267045934861693e-08,0.9999999994979589
2021-07-15,1.800078592685887e-08,0.9999999991778168
2021-07-16,8.527871138656154e-09,0.9999999996252882
2021-07-19,2.8568274592514336e-08,0.9999999986684998
2021-07-20,4.662814160789774e-09,0.9999999997999112
2021-07-21,1.2889295409035648e-07,0.9999999935062078
2021-07-22,2.3239760538765017e-07,0.9999999879146345
2021-07-23,7.147280149907916e-08,0.9999999965075403
2021-07-26,4.12966663718919e-09,0.999999999825377
2021-07-27,1.2477938220627959e-09,0.9999999999490683
2021-07-28,4.078649314735676e-10,0.9999999999854481
2021-07-29,3.2307712236322127e-12,1.0
2021-07-30,1.5392377790528855e-12,1.0
2021-08-02,2.4803670653834585e-11,1.0
2021-08-03,7.711378052512216e-12,1.0
2021-08-04,6.30221228929571e-11,0.999999999996362
2021-08-05,1.7126826937661873e-11,1.0
2021-08-06,2.4351570846852496e-11,1.0
2021-08-09,1.4443745477521917e-11,1.0
2021-08-10,3.169781926771647e-12,1.0
2021-08-11,1.0695390232565201e-12,1.0
2021-08-12,1.9409399598562677e-11,1.0
2021-08-13,1.1560835986264657e-11,1.0
2021-08-16,2.316770589045469e-12,1.0
2021-08-17,4.0975443686301204e-12,1.0
2021-08-18,2.0855207613917046e-12,1.0
2021-08-19,5.485800815986669e-13,1.0
2021-08-20,8.932533131984701e-13,1.0
2021-08-23,2.2054089611413653e-12,1.0
2021-08-24,1.6893700108673195e-11,1.0
2021-08-25,1.0228066765529583e-11,1.0
2021-08-26,8.504782362814985e-11,0.999999999996362
2021-08-27,1.8157836405751458e-11,1.0
2021-08-30,2.363593004302022e-10,0.999999999992724
2021-08-31,3.7963584584706773e-10,0.9999999999854481
2021-09-01,1.9835914028390449e-10,0.999999999992724
2021-09-02,3.07928993676341e-10,0.9999999999890861
2021-09-03,5.022965003662238e-10,0.9999999999818101
2021-09-06,7.750966373549072e-11,0.999999999996362
2021-09-07,1.4571616500532246e-11,1.0
2021-09-08,2.741572807746335e-10,0.9999999999890861
2021-09-09,2.719426138755308e-10,0.9999999999890861
2021-09-10,2.4910468813968647e-10,0.9999999999890861
2021-09-13,6.356764709995706e-10,0.9999999999745341
2021-09-14,7.937403990449644e-10,0.9999999999672582
2021-09-15,5.483349661343118e-10,0.9999999999781721
2021-09-16,3.620731350663514e-10,0.9999999999854481
2021-09-17,4.77037275484033e-10,0.9999999999818101
2021-09-20,9.117540375959645e-11,0.999999999996362
2021-09-21,6.844051444959256e-11,0.999999999996362
2021-09-22,4.759591503810615e-10,0.9999999999818101
2021-09-23,9.185565404854385e-10,0.9999999999636202
2021-09-24,4.9156958419420315e-09,0.9999999997889972
2021-09-27,2.8148852245709118e-09,0.9999999998835847
2021-09-28,4.281771334961716e-09,0.9999999998181011
2021-09-29,1.3401578790715584e-07,0.9999999932369974
2021-09-30,5.369862132863096e-07,0.9999999707324609
2021-10-01,5.168821093213866e-07,0.9999999718893381
2021-10-04,8.353517519268522e-07,0.9999999532774393
2021-10-05,2.040945498256273e-06,0.9999998794555794
2021-10-06,8.814046583067422e-07,0.9999999505453173
2021-10-07,2.6900479149865812e-06,0.999999838313683
2021-10-08,5.669634181939622e-07,0.999999969000783
2021-10-11,8.681347659033533e-08,0.9999999957180989
2021-10-12,1.676646933673743e-08,0.9999999992360245
2021-10-13,2.682300253452457e-07,0.99999998594285
2021-10-14,2.1661751412554173e-09,0.9999999999090505
2021-10-15,4.0294199419591117e-10,0.9999999999854481
2021-10-18,6.425076224736263e-09,0.9999999997198756
2021-10-19,1.1104975935441334e-08,0.9999999995052349
2021-10-20,2.392030035123973e-08,0.9999999988940544
2021-10-21,1.2420984565900857e-07,0.9999999937572284
2021-10-22,3.2973436275755903e-07,0.9999999825195119
2021-10-25,1.0123915433794692e-07,0.9999999949650373
2021-10-26,2.029347136889317e-08,0.9999999990686774
2021-10-27,6.514016394107926e-08,0.9999999968349584
2021-10-28,1.4261859164344376e-06,0.9999999176179732
2021-10-29,2.580197889731314e-06,0.999999845331343
2021-11-01,2.002740061017405e-06,0.9999998818530073
2021-11-02,7.031078078164396e-06,0.9999995496728947
2021-11-03,2.071483705986282e-06,0.9999998775383648
2021-11-04,1.4656185153097691e-08,0.9999999993378879
2021-11-05,3.61833526119957e-08,0.9999999982937879
2021-11-08,8.20327060334437e-09,0.9999999996398401
2021-11-09,1.568144326803655e-08,0.9999999992905941
2021-11-10,2.2641527565896197e-08,0.9999999989559001
2021-11-11,8.999172643224985e-11,0.999999999996362
2021-11-12,9.746396950089386e-10,0.9999999999599822
2021-11-15,1.4907336819807433e-08,0.9999999993233359
2021-11-16,6.523422645906407e-09,0.9999999997162377
2021-11-17,2.3811370371330006e-09,0.9999999998981366
2021-11-18,1.5298618931556248e-08,0.999999999308784
2021-11-19,3.12671561021386e-08,0.9999999985375325
2021-11-22,1.0433815358791355e-07,0.9999999948049663
2021-11-23,2.2559756315381154e-08,0.9999999989595381
2021-11-24,4.1113067367381526e-08,0.9999999980500434
